Array;Source Name;Cell_line;ClustGroup
5500994173212120213068_A01.cel;J132_EPA01P10_UACC-812_breast_910910;UACC-812;6
5500994158987071513209_A01.cel;J132_EPA01P2_201T_Lung:NSCLC_1287381;201T;2
5500994172383112813929_A01.cel;J132_EPA01P3_EVSA-T_Breast_906862;EVSA-T;6
5500994158987071513202_A01.cel;J132_EPA01P4_KYSE-520_Esophagus_753575;KYSE-520;1
5500994158987071513207_A01.cel;J132_EPA01P5_MS751_Cervix_1240179;MS751;2
5500994172383112813928_A01.cel;J132_EPA01P6_MEL-JUSO_Skin_908125;MEL-JUSO;3
5500994172383112813930_A01.cel;J132_EPA01P8_NCI-H1869_Lung_1240183;NCI-H1869;2
5500994172948120113978_A01.cel;J132_EPA01P9_CMK_haematopoietic_and_lymphoid_tissue_910566;CMK;7
5500994173212120213068_A02.cel;J132_EPA02P10_SNU-61_large_intestine_1660035;SNU-61;2
5500994157493061613625_A02.cel;J132_EPA02P1_DMS-114_Lung_687983;DMS-114;5
5500994158987071513209_A02.cel;J132_EPA02P2_A204_Muscle_910784;A204;5
5500994172383112813929_A02.cel;J132_EPA02P3_EBC-1_Lung:NSCLC_753554;EBC-1;2
5500994158987071513202_A02.cel;J132_EPA02P4_KURAMOCHI_Ovary_909975;KURAMOCHI;2
5500994158987071513207_A02.cel;J132_EPA02P5_MZ7-mel_Skin_753596;MZ7-mel;3
5500994172383112813928_A02.cel;J132_EPA02P6_SF539_CNS_905984;SF539;4
5500994158987071513201_A02.cel;J132_EPA02P7_REH_Blood_909696;REH;7
5500994172383112813930_A02.cel;J132_EPA02P8_NCI-H2347_Lung:NSCLC_687820;NCI-H2347;2
5500994172948120113978_A02.cel;J132_EPA02P9_NB-TU-1-10_Kidney_1240181;NB-TU-1-10;5
5500994173212120213068_A03.cel;J132_EPA03P10_SIG-M5_Blood_909715;SIG-M5;7
5500994157493061613625_A03.cel;J132_EPA03P1_CAL-51_Breast_910927;CAL-51;2
5500994172383112813929_A03.cel;J132_EPA03P3_ASH-3_Thyroid_1290722;ASH-3;4
5500994158987071513207_A03.cel;J132_EPA03P5_MDST8_Intestine_1240173;MDST8;4
5500994172383112813928_A03.cel;J132_EPA03P6_SUP-T1_Blood_909743;SUP-T1;7
5500994158987071513201_A03.cel;J132_EPA03P7_RH-41_Muscle_1240210;RH-41;5
5500994172383112813930_A03.cel;J132_EPA03P8_NCI-H2170_Lung:NSCLC_687815;NCI-H2170;2
5500994172948120113978_A03.cel;J132_EPA03P9_NCI-H2141_lung_688014;NCI-H2141;6
5500994173212120213068_A04.cel;J132_EPA04P10_ALL-SIL_Blood_1295740;ALL-SIL;7
5500994157493061613625_A04.cel;J132_EPA04P1_H2869_Lung_1240138;H2869;4
5500994158987071513209_A04.cel;J132_EPA04P2_BCPAP_Thyroid_924104;BCPAP;4
5500994172383112813929_A04.cel;J132_EPA04P3_CaR-1_Intestine_924108;CaR-1;2
5500994158987071513202_A04.cel;J132_EPA04P4_KINGS-1_CNS_907279;KINGS-1;4
5500994158987071513207_A04.cel;J132_EPA04P5_U-118-MG_Brain_687588;U-118-MG;4
5500994172383112813928_A04.cel;J132_EPA04P6_KP-4_Pancreas_753572;KP-4;2
5500994158987071513201_A04.cel;J132_EPA04P7_RPMI-8866_Blood_910544;RPMI-8866;8
5500994172383112813930_A04.cel;J132_EPA04P8_NCI-H510A_Lung_753605;NCI-H510A;6
5500994172948120113978_A04.cel;J132_EPA04P9_NCI-H250_lung_924241;NCI-H250;6
5500994173212120213068_A05.cel;J132_EPA05P10_KMS-12-BM_Blood_907281;KMS-12-BM;8
5500994157493061613625_A05.cel;J132_EPA05P1_H290_Lung_1240139;H290;4
5500994158987071513209_A05.cel;J132_EPA05P2_BT-20_Breast_906801;BT-20;2
5500994172383112813929_A05.cel;J132_EPA05P3_CP66-MEL_Skin_753546;CP66-MEL;3
5500994158987071513202_A05.cel;J132_EPA05P4_LCLC-97TM1_Lung:NSCLC_946361;LCLC-97TM1;2
5500994158987071513207_A05.cel;J132_EPA05P5_WM1552C_Skin_1299078;WM1552C;4
5500994172383112813928_A05.cel;J132_EPA05P6_KM-H2_Blood_909976;KM-H2;8
5500994158987071513201_A05.cel;J132_EPA05P7_PANC-08-13_Pancreas_925347;PANC-08-13;2
5500994172383112813930_A05.cel;J132_EPA05P8_NCI-H810_Lung:NSCLC_925341;NCI-H810;6
5500994172948120113978_A05.cel;J132_EPA05P9_CCF-STTG1_central_nervous_system_906823;CCF-STTG1;4
5500994173212120213068_A06.cel;J132_EPA06P10_FTC-133_Thyroid_906864;FTC-133;4
5500994157493061613625_A06.cel;J132_EPA06P1_A2058_Skin_906792;A2058;3
5500994158987071513209_A06.cel;J132_EPA06P2_Ca9-22_Head & Neck_753538;Ca9-22;1
5500994172383112813929_A06.cel;J132_EPA06P3_D-392MG_CNS_946370;D-392MG;4
5500994158987071513202_A06.cel;J132_EPA06P4_LU-99A_Lung:NSCLC_907796;LU-99A;2
5500994158987071513207_A06.cel;J132_EPA06P5_YH-13_CNS_909905;YH-13;4
5500994172383112813928_A06.cel;J132_EPA06P6_SK-LMS-1_Misc_909720;SK-LMS-1;4
5500994158987071513201_A06.cel;J132_EPA06P7_PCI-6A_Head & Neck_1240206;PCI-6A;1
5500994172383112813930_A06.cel;J132_EPA06P8_NCI-SNU-1_Stomach_908444;NCI-SNU-1;5
5500994172948120113978_A06.cel;J132_EPA06P9_COR-L321_Lung_1322213;COR-L321;6
5500994173212120213068_A07.cel;J132_EPA07P10_RCC10RGB_Kidney_909974;RCC10RGB;4
5500994157493061613625_A07.cel;J132_EPA07P1_CESS_Blood_910688;CESS;8
5500994158987071513209_A07.cel;J132_EPA07P2_CHP-212_Brain_906820;CHP-212;5
5500994172383112813929_A07.cel;J132_EPA07P3_EW-16_Bone_949165;EW-16;5
5500994158987071513202_A07.cel;J132_EPA07P4_LU-134-A_Lung_753588;LU-134-A;6
5500994158987071513207_A07.cel;J132_EPA07P5_TE-1_Esophagus_753621;TE-1;2
5500994172383112813928_A07.cel;J132_EPA07P6_H-EMC-SS_Bone_907290;H-EMC-SS;5
5500994158987071513201_A07.cel;J132_EPA07P7_NCI-H1792_Lung:NSCLC_724868;NCI-H1792;4
5500994172383112813930_A07.cel;J132_EPA07P8_NUGC-3_Stomach_908455;NUGC-3;2
5500994172948120113978_A07.cel;J132_EPA07P9_SK-MEL-2_skin_905955;SK-MEL-2;3
5500994173212120213068_A08.cel;J132_EPA08P10_OACp4C_Esophagus_1503362;OACp4C;2
5500994157493061613625_A08.cel;J132_EPA08P1_H2803_Lung_1240135;H2803;4
5500994158987071513209_A08.cel;J132_EPA08P2_CAL-85-1_Breast_910852;CAL-85-1;2
5500994172383112813929_A08.cel;J132_EPA08P3_HL-60_Blood_905938;HL-60;7
5500994158987071513202_A08.cel;J132_EPA08P4_LOU-NH91_Lung:NSCLC_1298226;LOU-NH91;4
5500994158987071513207_A08.cel;J132_EPA08P5_TE-8_Esophagus_753623;TE-8;2
5500994172383112813928_A08.cel;J132_EPA08P6_HD-MY-Z_Blood_907050;HD-MY-Z;2
5500994158987071513201_A08.cel;J132_EPA08P7_NCI-H1355_Lung_724866;NCI-H1355;2
5500994172383112813930_A08.cel;J132_EPA08P8_NB7_PNS_949174;NB7;5
5500994172948120113978_A08.cel;J132_EPA08P9_IOSE-75-16SV40_Ovary_1479994;IOSE-75-16SV40;4
5500994173212120213068_A09.cel;J132_EPA09P10_MKN45_Stomach_925340;MKN45;2
5500994157493061613625_A09.cel;J132_EPA09P1_H2722_Lung_1290812;H2722;4
5500994158987071513209_A09.cel;J132_EPA09P2_CPC-N_Lung_753547;CPC-N;6
5500994172383112813929_A09.cel;J132_EPA09P3_HCC1937_Breast_749714;HCC1937;2
5500994158987071513202_A09.cel;J132_EPA09P4_GAMG_Brain_906868;GAMG;2
5500994158987071513207_A09.cel;J132_EPA09P5_SiHa_Cervix_930297;SiHa;2
5500994172383112813928_A09.cel;J132_EPA09P6_SW684_Misc_909754;SW684;4
5500994158987071513201_A09.cel;J132_EPA09P7_NCI-H1048_Lung_687995;NCI-H1048;6
5500994172383112813930_A09.cel;J132_EPA09P8_NMC-G1_CNS_908449;NMC-G1;4
5500994172948120113978_A09.cel;J132_EPA09P9_Hs-578-T_breast_905957;Hs-578-T;4
5500994158987071513209_A10.cel;J132_EPA10P2_CRO-AP2_Blood_906807;CRO-AP2;8
5500994172383112813929_A10.cel;J132_EPA10P3_HEL_Blood_907053;HEL;7
5500994158987071513202_A10.cel;J132_EPA10P4_GMS-10_Brain_906873;GMS-10;4
5500994158987071513207_A10.cel;J132_EPA10P5_SCC-9_Head & Neck_909709;SCC-9;1
5500994172383112813928_A10.cel;J132_EPA10P6_HOP-92_Lung:NSCLC_905973;HOP-92;4
5500994158987071513201_A10.cel;J132_EPA10P7_OAW-42_Ovary_910548;OAW-42;2
5500994172383112813930_A10.cel;J132_EPA10P8_OCI-M1_Blood_1330985;OCI-M1;7
5500994172948120113978_A10.cel;J132_EPA10P9_VMRC-LCD_Lung:NSCLC_713869;VMRC-LCD;6
5500994157493061613625_A11.cel;J132_EPA11P1_ETK-1_Biliary_906861;ETK-1;2
5500994158987071513209_A11.cel;J132_EPA11P2_DK-MG_Brain_906839;DK-MG;4
5500994172383112813929_A11.cel;J132_EPA11P3_HCC202_Breast_1290906;HCC202;6
5500994158987071513207_A11.cel;J132_EPA11P5_SNU-182_Liver_1240216;SNU-182;2
5500994158987071513201_A11.cel;J132_EPA11P7_OE33_Esophagus_910549;OE33;2
5500994172383112813930_A11.cel;J132_EPA11P8_NCI-H1666_Lung:NSCLC_908473;NCI-H1666;1
5500994172948120113978_A11.cel;J132_EPA11P9_OVCA420_Ovary_1480364;OVCA420;2
5500994157493061613625_A12.cel;J132_EPA12P1_C32_Skin_906830;C32;3
5500994158987071513209_A12.cel;J132_EPA12P2_EGI-1_Liver_906853;EGI-1;2
5500994172383112813929_A12.cel;J132_EPA12P3_HCC1500_Breast_1303900;HCC1500;6
5500994158987071513202_A12.cel;J132_EPA12P4_MONO-MAC-1_Blood_1330955;MONO-MAC-1;7
5500994158987071513207_A12.cel;J132_EPA12P5_SK-N-SH_Brain_717431;SK-N-SH;5
5500994172383112813928_A12.cel;J132_EPA12P6_JHH-2_Liver_1240157;JHH-2;4
5500994158987071513201_A12.cel;J132_EPA12P7_OVCAR-8_Ovary_905991;OVCAR-8;2
5500994172383112813930_A12.cel;J132_EPA12P8_SW1710_Bladder_909749;SW1710;4
5500994172948120113978_A12.cel;J132_EPA12P9_BL-41_haematopoietic_and_lymphoid_tissue_910706;BL-41;8
5500994173212120213068_B01.cel;J132_EPB01P10_TE-441-T_soft_tissue_924248;TE-441-T;5
5500994157493061613625_B01.cel;J132_EPB01P1_SW1783_CNS_909750;SW1783;4
5500994158987071513209_B01.cel;J132_EPB01P2_23132-87_Stomach_910924;23132-87;2
5500994172383112813929_B01.cel;J132_EPB01P3_ES7_Bone_684059;ES7;5
5500994158987071513207_B01.cel;J132_EPB01P5_MS-1_Lung_753594;MS-1;6
5500994172383112813928_B01.cel;J132_EPB01P6_MDA-MB-231_Breast_905960;MDA-MB-231;4
5500994158987071513201_B01.cel;J132_EPB01P7_Ramos-2G6-4C10_Blood_910401;Ramos-2G6-4C10;8
5500994172383112813930_B01.cel;J132_EPB01P8_NCI-H1650_Lung:NSCLC_687800;NCI-H1650;2
5500994172948120113978_B01.cel;J132_EPB01P9_UWB1.289_Ovary_1480374;UWB1.289;2
5500994173212120213068_B02.cel;J132_EPB02P10_SNU-175_large_intestine_1659928;SNU-175;2
5500994157493061613625_B02.cel;J132_EPB02P1_H2810_Lung_1240137;H2810;4
5500994172383112813929_B02.cel;J132_EPB02P3_AMO-1_Blood_1295741;AMO-1;8
5500994158987071513202_B02.cel;J132_EPB02P4_KY821_Blood_907300;KY821;7
5500994158987071513207_B02.cel;J132_EPB02P5_MZ2-MEL_Skin_971777;MZ2-MEL;3
5500994172383112813928_B02.cel;J132_EPB02P6_SHP-77_Lung_724872;SHP-77;6
5500994158987071513201_B02.cel;J132_EPB02P7_RCC-JW_Kidney_1524416;RCC-JW;4
5500994172383112813930_B02.cel;J132_EPB02P8_NCI-H2405_Lung:NSCLC_687821;NCI-H2405;2
5500994172948120113978_B02.cel;J132_EPB02P9_COR-L32_Lung_1322212;COR-L32;6
5500994173212120213068_B03.cel;J132_EPB03P10_SF295_Brain_905985;SF295;4
5500994157493061613625_B03.cel;J132_EPB03P1_DSH1_Bladder_753552;DSH1;2
5500994158987071513209_B03.cel;J132_EPB03P2_ACHN_Kidney_905950;ACHN;4
5500994172383112813929_B03.cel;J132_EPB03P3_A2780_Ovary_906804;A2780;5
5500994158987071513202_B03.cel;J132_EPB03P4_KATOIII_Stomach_907276;KATOIII;2
5500994158987071513207_B03.cel;J132_EPB03P5_MOLM-13_Blood_1330947;MOLM-13;7
5500994172383112813928_B03.cel;J132_EPB03P6_SK-ES-1_Bone_684072;SK-ES-1;5
5500994158987071513201_B03.cel;J132_EPB03P7_RH-18_Muscle_971774;RH-18;5
5500994172383112813930_B03.cel;J132_EPB03P8_NCI-H2029_Lung_688011;NCI-H2029;6
5500994172948120113978_B03.cel;J132_EPB03P9_NCI-H1341_Lung_1330964;NCI-H1341;5
5500994173212120213068_B04.cel;J132_EPB04P10_AsPC-1_Pancreas_910702;AsPC-1;2
5500994157493061613625_B04.cel;J132_EPB04P1_HT-1197_Bladder_907065;HT-1197;2
5500994158987071513209_B04.cel;J132_EPB04P2_BE-13_Blood_906763;BE-13;7
5500994158987071513202_B04.cel;J132_EPB04P4_KE-37_Blood_907277;KE-37;7
5500994158987071513207_B04.cel;J132_EPB04P5_U-698-M_Blood_909777;U-698-M;8
5500994172383112813928_B04.cel;J132_EPB04P6_KYM-1_Muscle_1240166;KYM-1;2
5500994158987071513201_B04.cel;J132_EPB04P7_RT4_Bladder_687455;RT4;2
5500994172383112813930_B04.cel;J132_EPB04P8_NCI-H322M_Lung_905967;NCI-H322M;2
5500994172948120113978_B04.cel;J132_EPB04P9_Farage_Blood_1297449;Farage;8
5500994173212120213068_B05.cel;J132_EPB05P10_KYSE-180_Esophagus_907318;KYSE-180;2
5500994157493061613625_B05.cel;J132_EPB05P1_MDA-MB-157_Breast_925338;MDA-MB-157;6
5500994158987071513209_B05.cel;J132_EPB05P2_BHT-101_Thyroid_906696;BHT-101;4
5500994172383112813929_B05.cel;J132_EPB05P3_DEL_Blood_906836;DEL;8
5500994158987071513202_B05.cel;J132_EPB05P4_LCLC-103H_Lung:NSCLC_753586;LCLC-103H;4
5500994158987071513207_B05.cel;J132_EPB05P5_WM793B_Skin_1299081;WM793B;2
5500994172383112813928_B05.cel;J132_EPB05P6_KON_Head & Neck_1298215;KON;1
5500994158987071513201_B05.cel;J132_EPB05P7_PANC-10-05_Pancreas_925348;PANC-10-05;2
5500994172383112813930_B05.cel;J132_EPB05P8_NCI-H740_Lung_1331055;NCI-H740;6
5500994172948120113978_B05.cel;J132_EPB05P9_NCI-H660_Prostate_1330975;NCI-H660;6
5500994173212120213068_B06.cel;J132_EPB06P10_CS1_Bone_1290795;CS1;4
5500994157493061613625_B06.cel;J132_EPB06P1_H2373_Lung_1290809;H2373;4
5500994158987071513209_B06.cel;J132_EPB06P2_CAKI-1_Kidney_905963;CAKI-1;4
5500994172383112813929_B06.cel;J132_EPB06P3_ECC10_Stomach_906848;ECC10;6
5500994158987071513202_B06.cel;J132_EPB06P4_L-1236_Blood_1330935;L-1236;8
5500994158987071513207_B06.cel;J132_EPB06P5_YAPC_Pancreas_909904;YAPC;2
5500994172383112813928_B06.cel;J132_EPB06P6_Hs-766T_Pancreas_1298141;Hs-766T;1
5500994158987071513201_B06.cel;J132_EPB06P7_PE-CA-PJ15_Head & Neck_1240207;PE-CA-PJ15;1
5500994172383112813930_B06.cel;J132_EPB06P8_NCI-SNU-16_Stomach_908446;NCI-SNU-16;2
5500994172948120113978_B06.cel;J132_EPB06P9_KARPAS-299_haematopoietic_and_lymphoid_tissue_907273;KARPAS-299;8
5500994173212120213068_B07.cel;J132_EPB07P10_Raji_Blood_909262;Raji;8
5500994157493061613625_B07.cel;J132_EPB07P1_ES1_Bone_949158;ES1;5
5500994158987071513209_B07.cel;J132_EPB07P2_COLO-679_Skin_906818;COLO-679;3
5500994172383112813929_B07.cel;J132_EPB07P3_EW-13_Bone_949166;EW-13;5
5500994158987071513202_B07.cel;J132_EPB07P4_LN-405_Brain_910694;LN-405;4
5500994158987071513207_B07.cel;J132_EPB07P5_TE-10_Esophagus_753622;TE-10;1
5500994172383112813928_B07.cel;J132_EPB07P6_HCE-T_Sinus_907049;HCE-T;2
5500994158987071513201_B07.cel;J132_EPB07P7_NCI-H1304_Lung_753599;NCI-H1304;6
5500994172383112813930_B07.cel;J132_EPB07P8_NU-DUL-1_Blood_1330982;NU-DUL-1;8
5500994172948120113978_B07.cel;J132_EPB07P9_NCI-H2172_Lung:NSCLC_1298353;NCI-H2172;2
5500994173212120213068_B08.cel;J132_EPB08P10_NCI-N87_Stomach_908461;NCI-N87;2
5500994157493061613625_B08.cel;J132_EPB08P1_HDLM-2_Blood_924110;HDLM-2;8
5500994158987071513209_B08.cel;J132_EPB08P2_CAL-78_Bone_1290765;CAL-78;4
5500994172383112813929_B08.cel;J132_EPB08P3_HSC-3_Head & Neck_907061;HSC-3;1
5500994158987071513202_B08.cel;J132_EPB08P4_L-540_Blood_907323;L-540;8
5500994158987071513207_B08.cel;J132_EPB08P5_TE-9_Esophagus_946353;TE-9;1
5500994172383112813928_B08.cel;J132_EPB08P6_HCC-827_Lung_1240146;HCC-827;2
5500994158987071513201_B08.cel;J132_EPB08P7_NCI-H1915_Lung_1240184;NCI-H1915;2
5500994172383112813930_B08.cel;J132_EPB08P8_NBsusSR_PNS_925342;NBsusSR;5
5500994172948120113978_B08.cel;J132_EPB08P9_LK-2_lung_687787;LK-2;6
5500994173212120213068_B09.cel;J132_EPB09P10_MIA-PaCa-2_Pancreas_724870;MIA-PaCa-2;2
5500994157493061613625_B09.cel;J132_EPB09P1_H2731_Lung_1240134;H2731;4
5500994158987071513209_B09.cel;J132_EPB09P2_COLO-668_Lung_910692;COLO-668;6
5500994172383112813929_B09.cel;J132_EPB09P3_HuO9_Bone_907072;HuO9;5
5500994158987071513202_B09.cel;J132_EPB09P4_GAK_Skin_910932;GAK;3
5500994158987071513207_B09.cel;J132_EPB09P5_SLVL_Blood_1331032;SLVL;8
5500994172383112813928_B09.cel;J132_EPB09P6_SW948_Intestine_909757;SW948;2
5500994158987071513201_B09.cel;J132_EPB09P7_NCI-H1623_Lung:NSCLC_687798;NCI-H1623;2
5500994172383112813930_B09.cel;J132_EPB09P8_OVK-18_Ovary_1480371;OVK-18;5
5500994172948120113978_B09.cel;J132_EPB09P9_IOSE-364-_Ovary_1479991;IOSE-364-;4
5500994157493061613625_B10.cel;J132_EPB10P1_IST-MEL1_Skin_907172;IST-MEL1;4
5500994158987071513209_B10.cel;J132_EPB10P2_D-263MG_CNS_946368;D-263MG;4
5500994172383112813929_B10.cel;J132_EPB10P3_HPAC_Pancreas_1298136;HPAC;2
5500994158987071513202_B10.cel;J132_EPB10P4_GP5d_Intestine_907291;GP5d;2
5500994158987071513207_B10.cel;J132_EPB10P5_SNU-449_Liver_909738;SNU-449;2
5500994172383112813928_B10.cel;J132_EPB10P6_HCE-4_Esophagus_753559;HCE-4;2
5500994158987071513201_B10.cel;J132_EPB10P7_OCI-AML2_Blood_910947;OCI-AML2;7
5500994172383112813930_B10.cel;J132_EPB10P8_OCI-LY-19_Blood_1330984;OCI-LY-19;8
5500994172948120113978_B10.cel;J132_EPB10P9_NCI-H2286_Lung_1298355;NCI-H2286;2
5500994157493061613625_B11.cel;J132_EPB11P1_5637_Bladder_687452;5637;2
5500994158987071513209_B11.cel;J132_EPB11P2_DMS-53_Lung_907295;DMS-53;6
5500994172383112813929_B11.cel;J132_EPB11P3_Hs-633T_Misc_1240149;Hs-633T;4
5500994158987071513202_B11.cel;J132_EPB11P4_MFM-223_Breast_910948;MFM-223;6
5500994158987071513207_B11.cel;J132_EPB11P5_SW780_Bladder_687457;SW780;2
5500994172383112813928_B11.cel;J132_EPB11P6_JVM-3_Blood_907270;JVM-3;8
5500994158987071513201_B11.cel;J132_EPB11P7_ONS-76_CNS_909248;ONS-76;1
5500994172383112813930_B11.cel;J132_EPB11P8_NCI-H196_Lung_1240186;NCI-H196;4
5500994172948120113978_B11.cel;J132_EPB11P9_SK-GT-2_Esophagus_1503364;SK-GT-2;2
5500994157493061613625_B12.cel;J132_EPB12P1_786-o_Kidney_905947;786-o;4
5500994158987071513209_B12.cel;J132_EPB12P2_EM-2_Blood_906855;EM-2;7
5500994172383112813929_B12.cel;J132_EPB12P3_HCC2998_Intestine_905971;HCC2998;2
5500994158987071513207_B12.cel;J132_EPB12P5_SK-N-FI_Brain_688087;SK-N-FI;5
5500994172383112813928_B12.cel;J132_EPB12P6_JHH-4_Liver_1240158;JHH-4;4
5500994158987071513201_B12.cel;J132_EPB12P7_OVISE_Ovary_1240198;OVISE;2
5500994172383112813930_B12.cel;J132_EPB12P8_SCH_Stomach_909711;SCH;6
5500994173212120213068_C01.cel;J132_EPC01P10_TC-YIK_Cervix_946357;TC-YIK;6
5500994157493061613625_C01.cel;J132_EPC01P1_HeLa_Cervix_1298134;HeLa;2
5500994158987071513209_C01.cel;J132_EPC01P2_42-MG-BA_Brain_687561;42-MG-BA;4
5500994172383112813929_C01.cel;J132_EPC01P3_EFO-21_Ovary_911905;EFO-21;2
5500994158987071513202_C01.cel;J132_EPC01P4_KYSE-270_Esophagus_907319;KYSE-270;1
5500994158987071513207_C01.cel;J132_EPC01P5_MV-4-11_Blood_908156;MV-4-11;7
5500994172383112813928_C01.cel;J132_EPC01P6_MDA-MB-361_Breast_908121;MDA-MB-361;6
5500994172383112813930_C01.cel;J132_EPC01P8_NCI-H1838_Lung:NSCLC_687807;NCI-H1838;2
5500994172948120113978_C01.cel;J132_EPC01P9_SW756_cervix_724839;SW756;2
5500994173212120213068_C02.cel;J132_EPC02P10_SNU-283_large_intestine_1659929;SNU-283;2
5500994157493061613625_C02.cel;J132_EPC02P1_HMV-II_Skin_907058;HMV-II;3
5500994158987071513209_C02.cel;J132_EPC02P2_A375_Skin_906793;A375;3
5500994172383112813929_C02.cel;J132_EPC02P3_451Lu_Skin_1287706;451Lu;3
5500994158987071513202_C02.cel;J132_EPC02P4_KYSE-410_Esophagus_753574;KYSE-410;2
5500994158987071513207_C02.cel;J132_EPC02P5_MZ1-PC_Pancreas_753595;MZ1-PC;2
5500994172383112813928_C02.cel;J132_EPC02P6_SH-4_Skin_909713;SH-4;3
5500994158987071513201_C02.cel;J132_EPC02P7_RC-K8_Blood_1330995;RC-K8;8
5500994172383112813930_C02.cel;J132_EPC02P8_NCI-H2023_Lung_1240187;NCI-H2023;2
5500994172948120113978_C02.cel;J132_EPC02P9_NUGC-4_Stomach_1298357;NUGC-4;2
5500994173212120213068_C03.cel;J132_EPC03P10_A3-KAW_Blood_910935;A3-KAW;8
5500994157493061613625_C03.cel;J132_EPC03P1_H2818_Lung_1290814;H2818;4
5500994158987071513209_C03.cel;J132_EPC03P2_AM-38_CNS_910933;AM-38;4
5500994172383112813929_C03.cel;J132_EPC03P3_BB30-HNC_H&N_753531;BB30-HNC;1
5500994158987071513202_C03.cel;J132_EPC03P4_KARPAS-231_Blood_1327774;KARPAS-231;8
5500994158987071513207_C03.cel;J132_EPC03P5_MOLT-4_Blood_905958;MOLT-4;7
5500994172383112813928_C03.cel;J132_EPC03P6_SUIT-2_Pancreas_1240219;SUIT-2;2
5500994158987071513201_C03.cel;J132_EPC03P7_RL_Blood_910861;RL;8
5500994172383112813930_C03.cel;J132_EPC03P8_NCI-H211_Lung_1240189;NCI-H211;6
5500994172948120113978_C03.cel;J132_EPC03P9_HCC-366_Lung_1240144;HCC-366;4
5500994173212120213068_C04.cel;J132_EPC04P10_BONNA-12_Blood_906695;BONNA-12;8
5500994157493061613625_C04.cel;J132_EPC04P1_M14_Skin_905975;M14;3
5500994158987071513209_C04.cel;J132_EPC04P2_BE2-M17_Brain_753616;BE2-M17;5
5500994172383112813929_C04.cel;J132_EPC04P3_CL-11_Intestine_1290769;CL-11;2
5500994158987071513202_C04.cel;J132_EPC04P4_KP-3_Pancreas_1298219;KP-3;2
5500994158987071513207_C04.cel;J132_EPC04P5_UACC-893_Breast_909778;UACC-893;6
5500994172383112813928_C04.cel;J132_EPC04P6_SK-NEP-1_Kidney_909730;SK-NEP-1;5
5500994158987071513201_C04.cel;J132_EPC04P7_RT-112_Bladder_909704;RT-112;2
5500994172383112813930_C04.cel;J132_EPC04P8_NCI-H650_Lung:NSCLC_722066;NCI-H650;2
5500994172948120113978_C04.cel;J132_EPC04P9_RWPE-1_Prostate_1331026;RWPE-1;1
5500994173212120213068_C05.cel;J132_EPC05P10_KMOE-2_Blood_907280;KMOE-2;7
5500994157493061613625_C05.cel;J132_EPC05P1_HT-29_Intestin_905939;HT-29;2
5500994158987071513209_C05.cel;J132_EPC05P2_BT-549_Breast_905951;BT-549;4
5500994172383112813929_C05.cel;J132_EPC05P3_D-336MG_CNS_946369;D-336MG;4
5500994158987071513202_C05.cel;J132_EPC05P4_LC-2-ad_Lung_907786;LC-2-ad;2
5500994158987071513207_C05.cel;J132_EPC05P5_WM278_Skin_1240226;WM278;3
5500994172383112813928_C05.cel;J132_EPC05P6_KNS-42_CNS_907282;KNS-42;4
5500994158987071513201_C05.cel;J132_EPC05P7_PA-TU-8988T_Pancreas_1240201;PA-TU-8988T;2
5500994172383112813930_C05.cel;J132_EPC05P8_NCI-H841_Lung_1240192;NCI-H841;5
5500994172948120113978_C05.cel;J132_EPC05P9_ROS-50_Blood_1331025;ROS-50;8
5500994173212120213068_C06.cel;J132_EPC06P10_ECC4_gastrointestinal_tract_(site_indeterminate)_906850;ECC4;6
5500994157493061613625_C06.cel;J132_EPC06P1_AU565_Breast_910704;AU565;2
5500994158987071513209_C06.cel;J132_EPC06P2_CAS-1_CNS_910943;CAS-1;4
5500994172383112813929_C06.cel;J132_EPC06P3_ECC12_Stomach_906849;ECC12;6
5500994158987071513202_C06.cel;J132_EPC06P4_L-363_Blood_924239;L-363;8
5500994158987071513207_C06.cel;J132_EPC06P5_ZR-75-30_Breast_909907;ZR-75-30;6
5500994172383112813928_C06.cel;J132_EPC06P6_HSC-4_Head & Neck_907062;HSC-4;1
5500994158987071513201_C06.cel;J132_EPC06P7_PF-382_Blood_909260;PF-382;7
5500994172383112813930_C06.cel;J132_EPC06P8_NALM-6_Blood_908158;NALM-6;7
5500994172948120113978_C06.cel;J132_EPC06P9_CHSA0011_Bone_1290767;CHSA0011;4
5500994173212120213068_C07.cel;J132_EPC07P10_PWR-1E_Prostate_1330993;PWR-1E;2
5500994157493061613625_C07.cel;J132_EPC07P1_NCI-H441_Lung_908460;NCI-H441;2
5500994158987071513209_C07.cel;J132_EPC07P2_COLO-678_Intestine_910689;COLO-678;2
5500994172383112813929_C07.cel;J132_EPC07P3_EKVX_Lung_905970;EKVX;2
5500994158987071513202_C07.cel;J132_EPC07P4_LN-229_Brain_1240169;LN-229;4
5500994158987071513207_C07.cel;J132_EPC07P5_TOV-21G_Ovary_1240222;TOV-21G;2
5500994172383112813928_C07.cel;J132_EPC07P6_HN_Head & Neck_907059;HN;1
5500994158987071513201_C07.cel;J132_EPC07P7_NCI-H1395_Lung_684681;NCI-H1395;4
5500994172383112813930_C07.cel;J132_EPC07P8_NB14_PNS_949178;NB14;5
5500994172948120113978_C07.cel;J132_EPC07P9_KYAE-1_Esophagus_1503368;KYAE-1;2
5500994173212120213068_C08.cel;J132_EPC08P10_NCI-H748_lung_909194;NCI-H748;6
5500994157493061613625_C08.cel;J132_EPC08P1_SW1088_CNS_909745;SW1088;4
5500994158987071513209_C08.cel;J132_EPC08P2_Capan-2_Pancreas_910915;Capan-2;2
5500994172383112813929_C08.cel;J132_EPC08P3_HuP-T3_Pancreas_907285;HuP-T3;2
5500994158987071513202_C08.cel;J132_EPC08P4_FADU_Head & Neck_906863;FADU;2
5500994158987071513207_C08.cel;J132_EPC08P5_TGBC11TKB_Stomach_909770;TGBC11TKB;2
5500994172383112813928_C08.cel;J132_EPC08P6_HT-1080_Miscellaneous_907064;HT-1080;4
5500994158987071513201_C08.cel;J132_EPC08P7_NCI-H1755_Lung:NSCLC_908475;NCI-H1755;4
5500994172383112813930_C08.cel;J132_EPC08P8_no-11_CNS_908450;no-11;4
5500994173212120213068_C09.cel;J132_EPC09P10_MHH-NB-11_autonomic_ganglia_908135;MHH-NB-11;5
5500994157493061613625_C09.cel;J132_EPC09P1_IST-MES1_Lung_907173;IST-MES1;4
5500994158987071513209_C09.cel;J132_EPC09P2_COR-L88_Lung_906808;COR-L88;6
5500994158987071513202_C09.cel;J132_EPC09P4_G-401_Kidney_907299;G-401;5
5500994158987071513207_C09.cel;J132_EPC09P5_SNB75_CNS_905982;SNB75;4
5500994158987071513201_C09.cel;J132_EPC09P7_NCI-H1793_Lung:NSCLC_908463;NCI-H1793;2
5500994172383112813930_C09.cel;J132_EPC09P8_OACM5-1_Esophagus_1503363;OACM5-1;5
5500994172948120113978_C09.cel;J132_EPC09P9_MOLP-8_Blood_1330950;MOLP-8;8
5500994157493061613625_C10.cel;J132_EPC10P1_HCT-116_Intestin_905936;HCT-116;2
5500994158987071513209_C10.cel;J132_EPC10P2_DAN-G_Pancreas_1290797;DAN-G;1
5500994172383112813929_C10.cel;J132_EPC10P3_HGC-27_Stomach_907055;HGC-27;5
5500994158987071513202_C10.cel;J132_EPC10P4_GI-1_CNS_906871;GI-1;4
5500994158987071513207_C10.cel;J132_EPC10P5_SW900_Lung:NSCLC_724879;SW900;2
5500994172383112813928_C10.cel;J132_EPC10P6_JURL-MK1_Blood_1327771;JURL-MK1;7
5500994158987071513201_C10.cel;J132_EPC10P7_RXF393_Kidney_905978;RXF393;4
5500994172383112813930_C10.cel;J132_EPC10P8_OCI-AML5_Blood_1330983;OCI-AML5;7
5500994172948120113978_C10.cel;J132_EPC10P9_NCI-H847_Lung_1240193;NCI-H847;6
5500994157493061613625_C11.cel;J132_EPC11P1_GA-10_Blood_1303896;GA-10;8
5500994158987071513209_C11.cel;J132_EPC11P2_DOK_Head & Neck_910936;DOK;1
5500994172383112813929_C11.cel;J132_EPC11P3_H9_Blood_907043;H9;7
5500994158987071513202_C11.cel;J132_EPC11P4_MFH-ino_Misc_925343;MFH-ino;4
5500994158987071513207_C11.cel;J132_EPC11P5_SK-HEP-1_Liver_909719;SK-HEP-1;4
5500994172383112813928_C11.cel;J132_EPC11P6_JSC-1_Blood_1327769;JSC-1;8
5500994158987071513201_C11.cel;J132_EPC11P7_OSC-19_Head & Neck_1298362;OSC-19;1
5500994172383112813930_C11.cel;J132_EPC11P8_SNU-423_Liver_909737;SNU-423;4
5500994172948120113978_C11.cel;J132_EPC11P9_COLO-783_Skin_1240125;COLO-783;3
5500994157493061613625_C12.cel;J132_EPC12P1_KYSE-450_Esophag_907320;KYSE-450;2
5500994158987071513209_C12.cel;J132_EPC12P2_ES4_Bone_949156;ES4;5
5500994172383112813929_C12.cel;J132_EPC12P3_HCC-56_Intestine_1290907;HCC-56;2
5500994158987071513202_C12.cel;J132_EPC12P4_MEG-01_Blood_908126;MEG-01;7
5500994172383112813928_C12.cel;J132_EPC12P6_IPC-298_Skin_907171;IPC-298;3
5500994158987071513201_C12.cel;J132_EPC12P7_OVKATE_Ovary_1240199;OVKATE;2
5500994172383112813930_C12.cel;J132_EPC12P8_NCI-H1703_Lung:NSCLC_908474;NCI-H1703;2
5500994173212120213068_D01.cel;J132_EPD01P10_SUP-M2_Blood_1331040;SUP-M2;8
5500994157493061613625_D01.cel;J132_EPD01P1_NCI-H2052_Lung_688058;NCI-H2052;4
5500994158987071513209_D01.cel;J132_EPD01P2_697_Blood_906800;697;7
5500994172383112813929_D01.cel;J132_EPD01P3_EW-18_Bone_949164;EW-18;5
5500994158987071513202_D01.cel;J132_EPD01P4_KYSE-510_Esophagus_907321;KYSE-510;1
5500994158987071513207_D01.cel;J132_EPD01P5_ML-1_Thyroid_1240178;ML-1;4
5500994172383112813928_D01.cel;J132_EPD01P6_MDA-MB-453_Breast_908122;MDA-MB-453;6
5500994158987071513201_D01.cel;J132_EPD01P7_RCC-AB_Kidney_1524418;RCC-AB;4
5500994172383112813930_D01.cel;J132_EPD01P8_NCI-H2227_Lung_688018;NCI-H2227;6
5500994172948120113978_D01.cel;J132_EPD01P9_LP-1_haematopoietic_and_lymphoid_tissue_907791;LP-1;8
5500994173212120213068_D02.cel;J132_EPD02P10_SNU-1040_large_intestine_1659823;SNU-1040;2
5500994157493061613625_D02.cel;J132_EPD02P1_LOXIMVI_Skin_905974;LOXIMVI;2
5500994158987071513209_D02.cel;J132_EPD02P2_A388_Unknown_910697;A388;1
5500994172383112813929_D02.cel;J132_EPD02P3_A427_Lung:NSCLC_910851;A427;5
5500994158987071513202_D02.cel;J132_EPD02P4_KU812_Blood_907311;KU812;7
5500994158987071513207_D02.cel;J132_EPD02P5_MG-63_Bone_908131;MG-63;4
5500994172383112813928_D02.cel;J132_EPD02P6_S-117_Thyroid_910946;S-117;4
5500994158987071513201_D02.cel;J132_EPD02P7_RERF-GC-1B_Stomach_1240209;RERF-GC-1B;2
5500994172383112813930_D02.cel;J132_EPD02P8_NCI-H209_Lung_688013;NCI-H209;6
5500994172948120113978_D02.cel;J132_EPD02P9_NCI-H524_lung_908483;NCI-H524;6
5500994173212120213068_D03.cel;J132_EPD03P10_SCCH-196_Misc_1240211;SCCH-196;5
5500994157493061613625_D03.cel;J132_EPD03P1_HOS_Bone_907060;HOS;4
5500994172383112813929_D03.cel;J132_EPD03P3_BB49-HNC_H&N_753532;BB49-HNC;4
5500994158987071513202_D03.cel;J132_EPD03P4_K052_Blood_907284;K052;7
5500994158987071513207_D03.cel;J132_EPD03P5_M059K_Brain_1298232;M059K;4
5500994172383112813928_D03.cel;J132_EPD03P6_SK-MES-1_Lung:NSCLC_909728;SK-MES-1;4
5500994158987071513201_D03.cel;J132_EPD03P7_RMG-I_Ovary_909699;RMG-I;2
5500994172383112813930_D03.cel;J132_EPD03P8_NCI-H2291_Lung:NSCLC_724874;NCI-H2291;2
5500994172948120113978_D03.cel;J132_EPD03P9_NEC8_testis_910942;NEC8;5
5500994173212120213068_D04.cel;J132_EPD04P10_BxPC-3_Pancreas_906693;BxPC-3;1
5500994157493061613625_D04.cel;J132_EPD04P1_NCI-H28_Lung_908470;NCI-H28;4
5500994158987071513209_D04.cel;J132_EPD04P2_BEN_Lung:NSCLC_753534;BEN;6
5500994172383112813929_D04.cel;J132_EPD04P3_CCK-81_Intestine_1240123;CCK-81;2
5500994158987071513202_D04.cel;J132_EPD04P4_KCL-22_Blood_1330931;KCL-22;7
5500994158987071513207_D04.cel;J132_EPD04P5_VCaP_Prostate_1299075;VCaP;6
5500994172383112813928_D04.cel;J132_EPD04P6_SK-UT-1_Muscle_909732;SK-UT-1;2
5500994158987071513201_D04.cel;J132_EPD04P7_RVH-421_Skin_909706;RVH-421;3
5500994172383112813930_D04.cel;J132_EPD04P8_NCI-H3122_Lung_1240190;NCI-H3122;2
5500994172948120113978_D04.cel;J132_EPD04P9_CHSA8926_0_1303912;CHSA8926;4
5500994173212120213068_D05.cel;J132_EPD05P10_HuO-3N1_Bone_909977;HuO-3N1;4
5500994157493061613625_D05.cel;J132_EPD05P1_NCI-H358_Lung_908465;NCI-H358;2
5500994158987071513209_D05.cel;J132_EPD05P2_BT-483_Breast_949093;BT-483;6
5500994172383112813929_D05.cel;J132_EPD05P3_D-247MG_CNS_946367;D-247MG;4
5500994158987071513202_D05.cel;J132_EPD05P4_LAN-6_PNS_949170;LAN-6;5
5500994158987071513207_D05.cel;J132_EPD05P5_WSU-NHL_Blood_909785;WSU-NHL;8
5500994172383112813928_D05.cel;J132_EPD05P6_KP-1N_Pancreas_1298216;KP-1N;2
5500994158987071513201_D05.cel;J132_EPD05P7_PC-14_Lung:NSCLC_753608;PC-14;2
5500994172383112813930_D05.cel;J132_EPD05P8_NCI-H747_Intestine_908457;NCI-H747;2
5500994172948120113978_D05.cel;J132_EPD05P9_RPMI-8402_haematopoietic_and_lymphoid_tissue_909702;RPMI-8402;7
5500994173212120213068_D06.cel;J132_EPD06P10_Calu-3_Lung:NSCLC_687777;Calu-3;2
5500994157493061613625_D06.cel;J132_EPD06P1_Becker_CNS_906746;Becker;2
5500994158987071513209_D06.cel;J132_EPD06P2_CAMA-1_Breast_946382;CAMA-1;6
5500994172383112813929_D06.cel;J132_EPD06P3_ES5_Bone_684057;ES5;5
5500994158987071513202_D06.cel;J132_EPD06P4_LXF-289_Lung_753592;LXF-289;4
5500994158987071513207_D06.cel;J132_EPD06P5_YKG-1_Brain_687592;YKG-1;4
5500994172383112813928_D06.cel;J132_EPD06P6_HT-1376_Bladder_907066;HT-1376;2
5500994158987071513201_D06.cel;J132_EPD06P7_PFSK-1_Brain_683667;PFSK-1;5
5500994172383112813930_D06.cel;J132_EPD06P8_NCI-SNU-5_Stomach_908445;NCI-SNU-5;2
5500994172948120113978_D06.cel;J132_EPD06P9_NCI-H2110_Lung:NSCLC_1298351;NCI-H2110;2
5500994173212120213068_D07.cel;J132_EPD07P10_PCI-4B_Head & Neck_1298531;PCI-4B;1
5500994157493061613625_D07.cel;J132_EPD07P1_RS4-11_Blood_909703;RS4-11;7
5500994158987071513209_D07.cel;J132_EPD07P2_COLO-320-HSR_Intestine_910569;COLO-320-HSR;5
5500994172383112813929_D07.cel;J132_EPD07P3_EoL-1-cell_Blood_906856;EoL-1-cell;7
5500994158987071513202_D07.cel;J132_EPD07P4_LN-18_Brain_1240168;LN-18;4
5500994158987071513207_D07.cel;J132_EPD07P5_TE-12_Esophagus_946356;TE-12;1
5500994172383112813928_D07.cel;J132_EPD07P6_HA7-RCC_Kidney_753558;HA7-RCC;4
5500994158987071513201_D07.cel;J132_EPD07P7_NCI-H1581_Lung:NSCLC_908471;NCI-H1581;5
5500994172383112813930_D07.cel;J132_EPD07P8_NCC021_0_1509074;NCC021;4
5500994172948120113978_D07.cel;J132_EPD07P9_LB2518-MEL_skin_753579;LB2518-MEL;3
5500994173212120213068_D08.cel;J132_EPD08P10_NCI-H2196_lung_908481;NCI-H2196;6
5500994157493061613625_D08.cel;J132_EPD08P1_NCI-H727_Lung_724855;NCI-H727;6
5500994158987071513209_D08.cel;J132_EPD08P2_Ca-Ski_Cervix_906824;Ca-Ski;2
5500994172383112813929_D08.cel;J132_EPD08P3_HO-1-N-1_Head & Neck_924111;HO-1-N-1;1
5500994158987071513202_D08.cel;J132_EPD08P4_FU97_Stomach_1290806;FU97;6
5500994158987071513207_D08.cel;J132_EPD08P5_THP-1_Blood_909771;THP-1;7
5500994172383112813928_D08.cel;J132_EPD08P6_HPAF-II_Pancreas_724869;HPAF-II;2
5500994158987071513201_D08.cel;J132_EPD08P7_NCI-H1963_Lung_688010;NCI-H1963;6
5500994172383112813930_D08.cel;J132_EPD08P8_NY_Bone_910849;NY;4
5500994172948120113978_D08.cel;J132_EPD08P9_IOSE-523-_Ovary_1479993;IOSE-523-;4
5500994173212120213068_D09.cel;J132_EPD09P10_A704_Kidney_910920;A704;4
5500994157493061613625_D09.cel;J132_EPD09P1_NCI-H1299_Lung_724831;NCI-H1299;2
5500994158987071513209_D09.cel;J132_EPD09P2_COR-L105_Lung:NSCLC_906805;COR-L105;2
5500994172383112813929_D09.cel;J132_EPD09P3_HCC-44_Lung_1240145;HCC-44;2
5500994158987071513202_D09.cel;J132_EPD09P4_GCT_Miscellaneous_906999;GCT;4
5500994158987071513207_D09.cel;J132_EPD09P5_SNU-475_Liver_909739;SNU-475;4
5500994158987071513201_D09.cel;J132_EPD09P7_NCI-H146_Lung_910899;NCI-H146;6
5500994172383112813930_D09.cel;J132_EPD09P8_OVCAR-4_Ovary_905990;OVCAR-4;2
5500994172948120113978_D09.cel;J132_EPD09P9_TYK-nu_ovary_909774;TYK-nu;2
5500994157493061613625_D10.cel;J132_EPD10P1_COLO-800_Skin_906813;COLO-800;3
5500994158987071513209_D10.cel;J132_EPD10P2_D-502MG_CNS_946373;D-502MG;4
5500994172383112813929_D10.cel;J132_EPD10P3_HTC-C3_Thyroid_924151;HTC-C3;2
5500994158987071513202_D10.cel;J132_EPD10P4_GI-ME-N_PNS_906872;GI-ME-N;4
5500994158987071513207_D10.cel;J132_EPD10P5_SUP-B15_Blood_1247871;SUP-B15;7
5500994172383112813928_D10.cel;J132_EPD10P6_JJN-3_Blood_1327766;JJN-3;8
5500994158987071513201_D10.cel;J132_EPD10P7_QGP-1_Pancreas_1298534;QGP-1;6
5500994172383112813930_D10.cel;J132_EPD10P8_OACp4C_Esophagus_1503362;OACp4C;2
5500994172948120113978_D10.cel;J132_EPD10P9_SUP-HD1_Blood_1331039;SUP-HD1;8
5500994157493061613625_D11.cel;J132_EPD11P1_BT-474_Breast_946359;BT-474;6
5500994158987071513209_D11.cel;J132_EPD11P2_DU-145_Prostate_905935;DU-145;2
5500994172383112813929_D11.cel;J132_EPD11P3_HCC-78_Lung:NSCLC_1290908;HCC-78;2
5500994158987071513207_D11.cel;J132_EPD11P5_SK-OV-3_Ovary_905959;SK-OV-3;2
5500994172383112813928_D11.cel;J132_EPD11P6_J-RT3-T3-5_Blood_907391;J-RT3-T3-5;7
5500994158987071513201_D11.cel;J132_EPD11P7_OPM-2_Blood_909249;OPM-2;8
5500994172383112813930_D11.cel;J132_EPD11P8_SN12C_Kidney_905979;SN12C;4
5500994172948120113978_D11.cel;J132_EPD11P9_SK-CO-1_large_intestine_909718;SK-CO-1;2
5500994157493061613625_D12.cel;J132_EPD12P1_Saos-2_Bone_909707;Saos-2;4
5500994172383112813929_D12.cel;J132_EPD12P3_HCC-15_Lung_1240143;HCC-15;2
5500994158987071513202_D12.cel;J132_EPD12P4_MEC-2_Blood_1330944;MEC-2;8
5500994158987071513207_D12.cel;J132_EPD12P5_ST486_Blood_910906;ST486;8
5500994172383112813928_D12.cel;J132_EPD12P6_IA-LM_Lung_910779;IA-LM;2
5500994158987071513201_D12.cel;J132_EPD12P7_OVMIU_Ovary_1240200;OVMIU;2
5500994172383112813930_D12.cel;J132_EPD12P8_SCC-25_Head & Neck_910701;SCC-25;1
5500994173212120213068_E01.cel;J132_EPE01P10_SNU-C5_large_intestine_1674021;SNU-C5;2
5500994157493061613625_E01.cel;J132_EPE01P1_NCI-H838_Lung_910399;NCI-H838;2
5500994158987071513209_E01.cel;J132_EPE01P2_769-P_Kidney_910922;769-P;4
5500994172383112813929_E01.cel;J132_EPE01P3_EB-3_Blood_906847;EB-3;8
5500994158987071513207_E01.cel;J132_EPE01P5_ML-2_Blood_908141;ML-2;7
5500994172383112813928_E01.cel;J132_EPE01P6_SBC-5_Lung_713880;SBC-5;5
5500994158987071513201_E01.cel;J132_EPE01P7_RCM-1_Intestine_909263;RCM-1;2
5500994172383112813930_E01.cel;J132_EPE01P8_NCI-H1693_Lung:NSCLC_687802;NCI-H1693;2
5500994172948120113978_E01.cel;J132_EPE01P9_EJM_Blood_1297447;EJM;8
5500994173212120213068_E02.cel;J132_EPE02P10_SK-N-DZ_Brain_688086;SK-N-DZ;5
5500994157493061613625_E02.cel;J132_EPE02P1_NCI-H2228_Lung_687816;NCI-H2228;4
5500994158987071513209_E02.cel;J132_EPE02P2_A4-Fuk_Skin_910934;A4-Fuk;8
5500994172383112813929_E02.cel;J132_EPE02P3_A498_Kidney_905948;A498;4
5500994158987071513202_E02.cel;J132_EPE02P4_KS-1_CNS_907313;KS-1;4
5500994158987071513207_E02.cel;J132_EPE02P5_MHH-PREB-1_Blood_908136;MHH-PREB-1;8
5500994172383112813928_E02.cel;J132_EPE02P6_SR_Blood_905965;SR;8
5500994158987071513201_E02.cel;J132_EPE02P7_RERF-LC-MS_Lung:NSCLC_910931;RERF-LC-MS;2
5500994172383112813930_E02.cel;J132_EPE02P8_NCI-H2444_Lung:NSCLC_1298356;NCI-H2444;2
5500994172948120113978_E02.cel;J132_EPE02P9_CL-40_Intestine_1240124;CL-40;2
5500994173212120213068_E03.cel;J132_EPE03P10_SACC-83_Head & Neck_1299049;SACC-83;1
5500994157493061613625_E03.cel;J132_EPE03P1_LS-411N_Intestin_907794;LS-411N;2
5500994158987071513209_E03.cel;J132_EPE03P2_ARH-77_Blood_906765;ARH-77;8
5500994172383112813929_E03.cel;J132_EPE03P3_BB65-RCC_Kidney_753533;BB65-RCC;4
5500994158987071513202_E03.cel;J132_EPE03P4_KMRC-1_Kidney_1298168;KMRC-1;4
5500994158987071513207_E03.cel;J132_EPE03P5_U-266_Blood_753615;U-266;8
5500994172383112813928_E03.cel;J132_EPE03P6_SK-MG-1_CNS_909729;SK-MG-1;4
5500994158987071513201_E03.cel;J132_EPE03P7_RPMI-2650_Head & Neck_909700;RPMI-2650;5
5500994172383112813930_E03.cel;J132_EPE03P8_NCI-H520_Lung:NSCLC_908443;NCI-H520;6
5500994172948120113978_E03.cel;J132_EPE03P9_JHOS-4_Ovary_1480359;JHOS-4;2
5500994173212120213068_E04.cel;J132_EPE04P10_RCC-FG2_Kidney_1524414;RCC-FG2;4
5500994157493061613625_E04.cel;J132_EPE04P1_RKO_Intestin_909698;RKO;2
5500994158987071513209_E04.cel;J132_EPE04P2_BFTC-909_Kidney_910698;BFTC-909;4
5500994172383112813929_E04.cel;J132_EPE04P3_CCRF-CEM_Blood_905952;CCRF-CEM;7
5500994158987071513202_E04.cel;J132_EPE04P4_KOSC-2_Head & Neck_753570;KOSC-2;1
5500994158987071513207_E04.cel;J132_EPE04P5_VAL_Blood_1331048;VAL;8
5500994172383112813928_E04.cel;J132_EPE04P6_SKG-IIIa_Cervix_930298;SKG-IIIa;1
5500994158987071513201_E04.cel;J132_EPE04P7_QIMR-WIL_Blood_910545;QIMR-WIL;8
5500994172383112813930_E04.cel;J132_EPE04P8_NCI-H526_Lung_688025;NCI-H526;6
5500994172948120113978_E04.cel;J132_EPE04P9_Caov-4_ovary_949090;Caov-4;2
5500994173212120213068_E05.cel;J132_EPE05P10_KASUMI-1_Blood_907275;KASUMI-1;7
5500994157493061613625_E05.cel;J132_EPE05P1_RPMI-7951_Skin_910903;RPMI-7951;4
5500994158987071513209_E05.cel;J132_EPE05P2_BV-173_Blood_910710;BV-173;7
5500994172383112813929_E05.cel;J132_EPE05P3_D-542MG_CNS_753549;D-542MG;4
5500994158987071513202_E05.cel;J132_EPE05P4_LU-135_Lung_713899;LU-135;6
5500994158987071513207_E05.cel;J132_EPE05P5_WM35_Skin_1299080;WM35;3
5500994172383112813928_E05.cel;J132_EPE05P6_KNS-62_Lung_753569;KNS-62;1
5500994158987071513201_E05.cel;J132_EPE05P7_PC-3_[JPC-3]_Lung_1240202;PC-3;2
5500994172383112813930_E05.cel;J132_EPE05P8_NCI-H929_Blood_724825;NCI-H929;8
5500994173212120213068_E06.cel;J132_EPE06P10_CHP-126_Brain_910567;CHP-126;5
5500994157493061613625_E06.cel;J132_EPE06P1_CAL-54_Kidney_910952;CAL-54;4
5500994158987071513209_E06.cel;J132_EPE06P2_Calu-6_Lung_724859;Calu-6;2
5500994172383112813929_E06.cel;J132_EPE06P3_EW-3_Bone_949161;EW-3;5
5500994158987071513202_E06.cel;J132_EPE06P4_LS-513_Intestine_907795;LS-513;2
5500994158987071513207_E06.cel;J132_EPE06P5_U031_Kidney_905981;U031;4
5500994158987071513201_E06.cel;J132_EPE06P7_PL18_Pancreas_1240208;PL18;2
5500994172383112813930_E06.cel;J132_EPE06P8_NAMALWA_Blood_908159;NAMALWA;8
5500994172948120113978_E06.cel;J132_EPE06P9_NCI-H1836_Lung_1240182;NCI-H1836;6
5500994173212120213068_E07.cel;J132_EPE07P10_PC-3_Prostate_905934;PC-3;2
5500994157493061613625_E07.cel;J132_EPE07P1_WM-115_Skin_909784;WM-115;4
5500994158987071513209_E07.cel;J132_EPE07P2_C-33-A_Cervix_687505;C-33-A;5
5500994172383112813929_E07.cel;J132_EPE07P3_EMC-BAC-2_Esophagus_1503370;EMC-BAC-2;2
5500994158987071513202_E07.cel;J132_EPE07P4_LNZTA3WT4_Brain_1240170;LNZTA3WT4;4
5500994158987071513207_E07.cel;J132_EPE07P5_TE-11_Esophagus_946354;TE-11;1
5500994172383112813928_E07.cel;J132_EPE07P6_H4_Brain_907042;H4;4
5500994158987071513201_E07.cel;J132_EPE07P7_NCI-H1092_Lung_687997;NCI-H1092;6
5500994172383112813930_E07.cel;J132_EPE07P8_NKM-1_Blood_908448;NKM-1;7
5500994172948120113978_E07.cel;J132_EPE07P9_huH-1_Liver_1298146;huH-1;6
5500994173212120213068_E08.cel;J132_EPE08P10_NCI-H2066_Lung_1330973;NCI-H2066;2
5500994157493061613625_E08.cel;J132_EPE08P1_NCI-H2009_Lung_724873;NCI-H2009;2
5500994158987071513209_E08.cel;J132_EPE08P2_COLO-792_Skin_906814;COLO-792;3
5500994172383112813929_E08.cel;J132_EPE08P3_HuCCT1_Liver_907069;HuCCT1;2
5500994158987071513207_E08.cel;J132_EPE08P5_T-T_Esophagus_1299064;T-T;2
5500994172383112813928_E08.cel;J132_EPE08P6_HT55_Intestine_907287;HT55;2
5500994158987071513201_E08.cel;J132_EPE08P7_NCI-H1573_Lung:NSCLC_908472;NCI-H1573;2
5500994172383112813930_E08.cel;J132_EPE08P8_NB13_PNS_949177;NB13;5
5500994172948120113978_E08.cel;J132_EPE08P9_HCC1143_breast_749710;HCC1143;1
5500994173212120213068_E09.cel;J132_EPE09P10_SW156_Kidney_1240220;SW156;4
5500994157493061613625_E09.cel;J132_EPE09P1_ES3_Bone_684055;ES3;5
5500994158987071513209_E09.cel;J132_EPE09P2_COR-L23_Lung:NSCLC_687780;COR-L23;2
5500994172383112813929_E09.cel;J132_EPE09P3_HCC1187_Breast_749711;HCC1187;6
5500994158987071513202_E09.cel;J132_EPE09P4_G-361_Skin_906865;G-361;3
5500994158987071513207_E09.cel;J132_EPE09P5_SU-DHL-8_Blood_1331038;SU-DHL-8;8
5500994172383112813928_E09.cel;J132_EPE09P6_SK-MM-2_Blood_753612;SK-MM-2;8
5500994158987071513201_E09.cel;J132_EPE09P7_NCI-H1651_Lung:NSCLC_910900;NCI-H1651;4
5500994172383112813930_E09.cel;J132_EPE09P8_OVCAR-3_Ovary_905933;OVCAR-3;2
5500994172948120113978_E09.cel;J132_EPE09P9_MOG-G-CCM_central_nervous_system_908144;MOG-G-CCM;4
5500994157493061613625_E10.cel;J132_EPE10P1_COLO-741_Intestin_906815;COLO-741;3
5500994158987071513209_E10.cel;J132_EPE10P2_Daoy_Brain_906833;Daoy;4
5500994172383112813929_E10.cel;J132_EPE10P3_HCC2157_Breast_749715;HCC2157;6
5500994158987071513202_E10.cel;J132_EPE10P4_GR-ST_Blood_906877;GR-ST;8
5500994158987071513207_E10.cel;J132_EPE10P5_SK-MEL-24_Skin_909725;SK-MEL-24;3
5500994172383112813928_E10.cel;J132_EPE10P6_JiyoyeP-2003_Blood_907268;JiyoyeP-2003;8
5500994158987071513201_E10.cel;J132_EPE10P7_RKN_Ovary_1298539;RKN;4
5500994172383112813930_E10.cel;J132_EPE10P8_NCI-H1694_Lung_688006;NCI-H1694;6
5500994172948120113978_E10.cel;J132_EPE10P9_OV-17R_Ovary_1480361;OV-17R;2
5500994157493061613625_E11.cel;J132_EPE11P1_D-283MED_CNS_906834;D-283MED;5
5500994158987071513209_E11.cel;J132_EPE11P2_DoTc2-4510_Cervix_906843;DoTc2-4510;1
5500994172383112813929_E11.cel;J132_EPE11P3_Hs746T_Stomach_1240151;Hs746T;4
5500994158987071513202_E11.cel;J132_EPE11P4_MOLT-16_Blood_908147;MOLT-16;7
5500994158987071513207_E11.cel;J132_EPE11P5_SW837_Intestine_909755;SW837;2
5500994172383112813928_E11.cel;J132_EPE11P6_JHH-6_Liver_1240159;JHH-6;2
5500994158987071513201_E11.cel;J132_EPE11P7_OSC-20_Head & Neck_1240196;OSC-20;1
5500994172383112813930_E11.cel;J132_EPE11P8_SW1116_Intestine_909746;SW1116;2
5500994172948120113978_E11.cel;J132_EPE11P9_BICR10_Head & Neck_1290724;BICR10;4
5500994158987071513209_E12.cel;J132_EPE12P2_ES-2_Ovary_1240128;ES-2;4
5500994172383112813929_E12.cel;J132_EPE12P3_HCC1954_Breast_749709;HCC1954;2
5500994158987071513202_E12.cel;J132_EPE12P4_Mewo_Skin_908128;Mewo;3
5500994158987071513207_E12.cel;J132_EPE12P5_T-24_Bladder_724812;T-24;4
5500994172383112813928_E12.cel;J132_EPE12P6_IM-95_Stomach_1240155;IM-95;2
5500994158987071513201_E12.cel;J132_EPE12P7_PSN1_Pancreas_910546;PSN1;2
5500994172383112813930_E12.cel;J132_EPE12P8_SNU-C2B_Intestine_909740;SNU-C2B;2
5500994173212120213068_F01.cel;J132_EPF01P10_SU-DHL-5_Blood_1331036;SU-DHL-5;8
5500994157493061613625_F01.cel;J132_EPF01P1_639-V_Bladder_906798;639-V;2
5500994158987071513209_F01.cel;J132_EPF01P2_8305C_Thyroid_906795;8305C;4
5500994172383112813929_F01.cel;J132_EPF01P3_EPLC-272H_Lung:NSCLC_753556;EPLC-272H;1
5500994158987071513202_F01.cel;J132_EPF01P4_KYSE-70_Esophagus_753576;KYSE-70;2
5500994158987071513207_F01.cel;J132_EPF01P5_MRK-nu-1_Breast_908151;MRK-nu-1;6
5500994172383112813928_F01.cel;J132_EPF01P6_SCC-15_Head & Neck_910911;SCC-15;1
5500994172383112813930_F01.cel;J132_EPF01P8_NCI-H2135_Lung:NSCLC_1298352;NCI-H2135;2
5500994172948120113978_F01.cel;J132_EPF01P9_NCI-H1435_Lung:NSCLC_1298347;NCI-H1435;2
5500994173212120213068_F02.cel;J132_EPF02P10_SK-N-AS_Brain_724828;SK-N-AS;5
5500994157493061613625_F02.cel;J132_EPF02P1_OE19_Esophag_910079;OE19;2
5500994158987071513209_F02.cel;J132_EPF02P2_A431_Skin_910925;A431;1
5500994172383112813929_F02.cel;J132_EPF02P3_A253_H&N_906794;A253;1
5500994158987071513202_F02.cel;J132_EPF02P4_KOPN-8_Blood_1330933;KOPN-8;7
5500994158987071513207_F02.cel;J132_EPF02P5_MCF7_Breast_905946;MCF7;6
5500994172383112813928_F02.cel;J132_EPF02P6_TOV-112D_Ovary_1299070;TOV-112D;5
5500994158987071513201_F02.cel;J132_EPF02P7_RF-48_Stomach_909697;RF-48;8
5500994172383112813930_F02.cel;J132_EPF02P8_NCI-H2085_Lung_687812;NCI-H2085;2
5500994172948120113978_F02.cel;J132_EPF02P9_COR-L311_Lung_687980;COR-L311;6
5500994173212120213068_F03.cel;J132_EPF03P10_8-MG-BA_CNS_687562;8-MG-BA;4
5500994157493061613625_F03.cel;J132_EPF03P1_NCI-H2452_Lung_908462;NCI-H2452;4
5500994158987071513209_F03.cel;J132_EPF03P2_ATN-1_Blood_910687;ATN-1;8
5500994172383112813929_F03.cel;J132_EPF03P3_BOKU_Cervix_753536;BOKU;4
5500994158987071513202_F03.cel;J132_EPF03P4_KMRC-20_Kidney_1298169;KMRC-20;4
5500994158987071513207_F03.cel;J132_EPF03P5_UM-UC-3_Bladder_724838;UM-UC-3;2
5500994158987071513201_F03.cel;J132_EPF03P7_RO82-W-1_Thyroid_930083;RO82-W-1;4
5500994172383112813930_F03.cel;J132_EPF03P8_NCI-H378_Lung_688022;NCI-H378;6
5500994172948120113978_F03.cel;J132_EPF03P9_Mo_Blood_1330945;Mo;8
5500994173212120213068_F04.cel;J132_EPF04P10_MDA-MB-134-VI_breast_908119;MDA-MB-134-VI;6
5500994157493061613625_F04.cel;J132_EPF04P1_EFM-192A_Breast_1290798;EFM-192A;6
5500994158987071513209_F04.cel;J132_EPF04P2_BHY_Head & Neck_753535;BHY;1
5500994158987071513202_F04.cel;J132_EPF04P4_LB2241-RCC_Kidney_753578;LB2241-RCC;4
5500994158987071513207_F04.cel;J132_EPF04P5_VM-CUB-1_Bladder_909780;VM-CUB-1;1
5500994172383112813928_F04.cel;J132_EPF04P6_SK-LU-1_Lung:NSCLC_909721;SK-LU-1;4
5500994158987071513201_F04.cel;J132_EPF04P7_P12-ICHIKAWA_Blood_909251;P12-ICHIKAWA;7
5500994172383112813930_F04.cel;J132_EPF04P8_NCI-H64_Lung_688026;NCI-H64;6
5500994172948120113978_F04.cel;J132_EPF04P9_NCI-H1417_lung_688001;NCI-H1417;6
5500994173212120213068_F05.cel;J132_EPF05P10_Hs-940-T_Skin_1298145;Hs-940-T;4
5500994157493061613625_F05.cel;J132_EPF05P1_UACC-62_Skin_905976;UACC-62;3
5500994158987071513209_F05.cel;J132_EPF05P2_C2BBe1_Intestine_910700;C2BBe1;2
5500994172383112813929_F05.cel;J132_EPF05P3_DMS-79_Lung_753551;DMS-79;6
5500994158987071513202_F05.cel;J132_EPF05P4_LU-65_Lung:NSCLC_724863;LU-65;2
5500994158987071513207_F05.cel;J132_EPF05P5_WIL2-NS_Blood_1331049;WIL2-NS;8
5500994172383112813928_F05.cel;J132_EPF05P6_KARPAS-422_Blood_907274;KARPAS-422;8
5500994158987071513201_F05.cel;J132_EPF05P7_PCI-30_Head & Neck_1298529;PCI-30;4
5500994172383112813930_F05.cel;J132_EPF05P8_NCI-H69_Lung_688027;NCI-H69;6
5500994172948120113978_F05.cel;J132_EPF05P9_COR-L279_lung_910937;COR-L279;6
5500994173212120213068_F06.cel;J132_EPF06P10_CAL-12T_Lung:NSCLC_753540;CAL-12T;2
5500994157493061613625_F06.cel;J132_EPF06P1_DU-4475_Breast_906844;DU-4475;6
5500994158987071513209_F06.cel;J132_EPF06P2_CAPAN-1_Pancreas_753624;CAPAN-1;2
5500994172383112813929_F06.cel;J132_EPF06P3_EW-7_Bone_949160;EW-7;5
5500994158987071513202_F06.cel;J132_EPF06P4_LS-180_Intestine_998189;LS-180;2
5500994158987071513207_F06.cel;J132_EPF06P5_SBC-1_Lung_713885;SBC-1;6
5500994172383112813928_F06.cel;J132_EPF06P6_HuP-T4_Pancreas_907286;HuP-T4;2
5500994158987071513201_F06.cel;J132_EPF06P7_P32-ISH_Blood_1330987;P32-ISH;8
5500994172383112813930_F06.cel;J132_EPF06P8_NB10_PNS_949171;NB10;5
5500994172948120113978_F06.cel;J132_EPF06P9_MLMA_haematopoietic_and_lymphoid_tissue_908142;MLMA;8
5500994173212120213068_F07.cel;J132_EPF07P10_PANC-02-03_Pancreas_1298475;PANC-02-03;2
5500994157493061613625_F07.cel;J132_EPF07P1_SISO_Cervix_1240212;SISO;2
5500994158987071513209_F07.cel;J132_EPF07P2_CA46_Blood_910703;CA46;8
5500994172383112813929_F07.cel;J132_EPF07P3_EHEB_Blood_906854;EHEB;8
5500994158987071513202_F07.cel;J132_EPF07P4_LAMA-84_Blood_907783;LAMA-84;7
5500994158987071513207_F07.cel;J132_EPF07P5_TE-15_Esophagus_753614;TE-15;1
5500994172383112813928_F07.cel;J132_EPF07P6_HAL-01_Blood_949153;HAL-01;7
5500994158987071513201_F07.cel;J132_EPF07P7_NCI-H1648_Lung:NSCLC_687799;NCI-H1648;1
5500994172383112813930_F07.cel;J132_EPF07P8_NOMO-1_Blood_908451;NOMO-1;7
5500994172948120113978_F07.cel;J132_EPF07P9_Hep3B2-1-7_Liver_1240147;Hep3B2-1-7;6
5500994173212120213068_F08.cel;J132_EPF08P10_NCI-H1105_Lung_908468;NCI-H1105;6
5500994157493061613625_F08.cel;J132_EPF08P1_JHH-1_Liver_1298151;JHH-1;2
5500994158987071513209_F08.cel;J132_EPF08P2_CFPAC-1_Pancreas_906821;CFPAC-1;2
5500994172383112813929_F08.cel;J132_EPF08P3_HCT-15_Intestine_905937;HCT-15;2
5500994158987071513202_F08.cel;J132_EPF08P4_FU-OV-1_Ovary_1240129;FU-OV-1;4
5500994158987071513207_F08.cel;J132_EPF08P5_TT2609-C02_Thyroid_1240223;TT2609-C02;2
5500994172383112813928_F08.cel;J132_EPF08P6_HLE_Liver_907057;HLE;2
5500994158987071513201_F08.cel;J132_EPF08P7_NCI-H1734_Lung:NSCLC_722058;NCI-H1734;2
5500994172383112813930_F08.cel;J132_EPF08P8_NB17_PNS_949175;NB17;5
5500994172948120113978_F08.cel;J132_EPF08P9_LB373-MEL-D_skin_753581;LB373-MEL-D;3
5500994173212120213068_F09.cel;J132_EPF09P10_LoVo_Intestine_907790;LoVo;2
5500994157493061613625_F09.cel;J132_EPF09P1_COLO-680N_Esophag_906817;COLO-680N;2
5500994158987071513209_F09.cel;J132_EPF09P2_BPH-1_Prostate_924105;BPH-1;2
5500994172383112813929_F09.cel;J132_EPF09P3_H3255_Lung_1247873;H3255;2
5500994158987071513202_F09.cel;J132_EPF09P4_G-MEL_Skin_1240130;G-MEL;3
5500994158987071513207_F09.cel;J132_EPF09P5_SK-MEL-5_Skin_905956;SK-MEL-5;3
5500994172383112813928_F09.cel;J132_EPF09P6_SK-PN-DW_Bone_909731;SK-PN-DW;5
5500994158987071513201_F09.cel;J132_EPF09P7_NCI-H1563_Lung:NSCLC_753600;NCI-H1563;2
5500994172383112813930_F09.cel;J132_EPF09P8_OCUM-1_Stomach_1298358;OCUM-1;2
5500994172948120113978_F09.cel;J132_EPF09P9_MDA-MB-468_breast_908123;MDA-MB-468;2
5500994157493061613625_F10.cel;J132_EPF10P1_ESO51_Esophag_1503367;ESO51;2
5500994158987071513209_F10.cel;J132_EPF10P2_Detroit562_Head & Neck_906837;Detroit562;1
5500994172383112813929_F10.cel;J132_EPF10P3_HCC2218_Breast_749716;HCC2218;6
5500994158987071513202_F10.cel;J132_EPF10P4_G-292-Clone-A141B1_Bone_1290807;G-292-Clone-A141B1;4
5500994158987071513207_F10.cel;J132_EPF10P5_SW1990_Pancreas_910907;SW1990;1
5500994172383112813928_F10.cel;J132_EPF10P6_J82_Bladder_753566;J82;4
5500994158987071513201_F10.cel;J132_EPF10P7_RCC-MF_Kidney_1524419;RCC-MF;2
5500994172383112813930_F10.cel;J132_EPF10P8_SW1463_Intestine_909748;SW1463;2
5500994172948120113978_F10.cel;J132_EPF10P9_SU-DHL-6_Blood_1331037;SU-DHL-6;8
5500994157493061613625_F11.cel;J132_EPF11P1_CAL-33_H&N_753541;CAL-33;1
5500994158987071513209_F11.cel;J132_EPF11P2_DB_Blood_906832;DB;8
5500994172383112813929_F11.cel;J132_EPF11P3_HH_Blood_907056;HH;8
5500994158987071513202_F11.cel;J132_EPF11P4_MOLT-13_Blood_908146;MOLT-13;7
5500994158987071513207_F11.cel;J132_EPF11P5_SW620_Intestine_905962;SW620;2
5500994172383112813928_F11.cel;J132_EPF11P6_JHH-7_Liver_1240160;JHH-7;6
5500994158987071513201_F11.cel;J132_EPF11P7_OV-90_Ovary_1240197;OV-90;2
5500994172383112813930_F11.cel;J132_EPF11P8_SW13_Kidney_909744;SW13;5
5500994172948120113978_F11.cel;J132_EPF11P9_RERF-LC-KJ_Lung:NSCLC_1298537;RERF-LC-KJ;2
5500994158987071513209_F12.cel;J132_EPF12P2_EW-22_Bone_949167;EW-22;5
5500994172383112813929_F12.cel;J132_EPF12P3_HT-144_Skin_907067;HT-144;3
5500994158987071513202_F12.cel;J132_EPF12P4_ME-180_Cervix_687514;ME-180;1
5500994158987071513207_F12.cel;J132_EPF12P5_T47D_Breast_905945;T47D;6
5500994172383112813928_F12.cel;J132_EPF12P6_IGR-37_Skin_1240153;IGR-37;3
5500994158987071513201_F12.cel;J132_EPF12P7_PL-21_Blood_1330991;PL-21;7
5500994172383112813930_F12.cel;J132_EPF12P8_SNU-398_Liver_1240217;SNU-398;5
5500994173212120213068_G01.cel;J132_EPG01P10_SNU-81_large_intestine_1660036;SNU-81;2
5500994157493061613625_G01.cel;J132_EPG01P1_CAL-29_Bladder_1290730;CAL-29;1
5500994158987071513209_G01.cel;J132_EPG01P2_A101D_Skin_910921;A101D;3
5500994172383112813929_G01.cel;J132_EPG01P3_EC-GI-10_Esophagus_753555;EC-GI-10;1
5500994158987071513202_G01.cel;J132_EPG01P4_KYSE-140_Esophagus_753573;KYSE-140;2
5500994158987071513207_G01.cel;J132_EPG01P5_MKN28_Stomach_908139;MKN28;2
5500994172383112813928_G01.cel;J132_EPG01P6_SAT_Head & Neck_1299050;SAT;1
5500994172383112813930_G01.cel;J132_EPG01P8_NCI-H2126_Lung_687814;NCI-H2126;8
5500994172948120113978_G01.cel;J132_EPG01P9_COR-L95_Lung_1297439;COR-L95;6
5500994173212120213068_G02.cel;J132_EPG02P10_SK-MEL-31_Skin_909727;SK-MEL-31;3
5500994157493061613625_G02.cel;J132_EPG02P1_UACC-257_Skin_905977;UACC-257;3
5500994158987071513209_G02.cel;J132_EPG02P2_A549_Lung:NSCLC_905949;A549;2
5500994172383112813929_G02.cel;J132_EPG02P3_ABC-1_Lung:NSCLC_906791;ABC-1;2
5500994158987071513202_G02.cel;J132_EPG02P4_KALS-1_CNS_907271;KALS-1;4
5500994158987071513207_G02.cel;J132_EPG02P5_MMAC-SF_Skin_925339;MMAC-SF;3
5500994172383112813928_G02.cel;J132_EPG02P6_SW1573_Lung:NSCLC_724878;SW1573;2
5500994158987071513201_G02.cel;J132_EPG02P7_RERF-LC-Sq1_Lung:NSCLC_1298538;RERF-LC-Sq1;2
5500994172383112813930_G02.cel;J132_EPG02P8_NCI-H2342_Lung:NSCLC_687819;NCI-H2342;2
5500994172948120113978_G02.cel;J132_EPG02P9_MHH-CALL-2_haematopoietic_and_lymphoid_tissue_908132;MHH-CALL-2;7
5500994173212120213068_G03.cel;J132_EPG03P10_Sci-1_Blood_1331031;Sci-1;8
5500994157493061613625_G03.cel;J132_EPG03P1_PA-1_Ovary_909255;PA-1;5
5500994158987071513209_G03.cel;J132_EPG03P2_BALL-1_Blood_910705;BALL-1;8
5500994172383112813929_G03.cel;J132_EPG03P3_CAL-27_Mouth_910916;CAL-27;1
5500994158987071513202_G03.cel;J132_EPG03P4_KNS-81-FD_CNS_924188;KNS-81-FD;4
5500994158987071513207_G03.cel;J132_EPG03P5_U251_Brain_905983;U251;4
5500994172383112813928_G03.cel;J132_EPG03P6_SKN-3_Head & Neck_1299059;SKN-3;1
5500994158987071513201_G03.cel;J132_EPG03P7_RPMI-6666_Blood_909701;RPMI-6666;8
5500994172383112813930_G03.cel;J132_EPG03P8_NCI-H630_Intestine_908482;NCI-H630;2
5500994172948120113978_G03.cel;J132_EPG03P9_COR-L303_Lung_1297438;COR-L303;6
5500994173212120213068_G04.cel;J132_EPG04P10_ME-1_Blood_1330942;ME-1;7
5500994157493061613625_G04.cel;J132_EPG04P1_H2591_Lung_1240131;H2591;4
5500994158987071513209_G04.cel;J132_EPG04P2_BICR78_Head & Neck_1240122;BICR78;1
5500994172383112813929_G04.cel;J132_EPG04P3_CGTH-W-1_Thyroid_910568;CGTH-W-1;4
5500994158987071513202_G04.cel;J132_EPG04P4_LB647-SCLC_Lung_753582;LB647-SCLC;6
5500994158987071513207_G04.cel;J132_EPG04P5_VA-ES-BJ_Misc_688121;VA-ES-BJ;2
5500994172383112813928_G04.cel;J132_EPG04P6_SKM-1_Blood_909722;SKM-1;7
5500994158987071513201_G04.cel;J132_EPG04P7_P30-OHK_Blood_909252;P30-OHK;7
5500994172383112813930_G04.cel;J132_EPG04P8_NCI-H596_Lung:NSCLC_908459;NCI-H596;4
5500994172948120113978_G04.cel;J132_EPG04P9_MDA-MB-415_breast_924240;MDA-MB-415;6
5500994173212120213068_G05.cel;J132_EPG05P10_HSC-39_Stomach_1322224;HSC-39;2
5500994157493061613625_G05.cel;J132_EPG05P1_H513_Lung_1240141;H513;2
5500994158987071513209_G05.cel;J132_EPG05P2_C3A_Liver_910850;C3A;2
5500994172383112813929_G05.cel;J132_EPG05P3_DND-41_Blood_1297446;DND-41;7
5500994158987071513202_G05.cel;J132_EPG05P4_LU-139_Lung_713878;LU-139;6
5500994158987071513207_G05.cel;J132_EPG05P5_WSU-DLCL2_Blood_1331050;WSU-DLCL2;8
5500994172383112813928_G05.cel;J132_EPG05P6_SK-MEL-30_Skin_909726;SK-MEL-30;3
5500994158987071513201_G05.cel;J132_EPG05P7_PCI-15A_Head & Neck_1240204;PCI-15A;1
5500994172383112813930_G05.cel;J132_EPG05P8_NCI-H82_Lung_688031;NCI-H82;6
5500994172948120113978_G05.cel;J132_EPG05P9_JHOS-3_Ovary_1480358;JHOS-3;2
5500994173212120213068_G06.cel;J132_EPG06P10_CAL-148_breast_924106;CAL-148;6
5500994157493061613625_G06.cel;J132_EPG06P1_H2461_Lung_1290810;H2461;4
5500994158987071513209_G06.cel;J132_EPG06P2_CHL-1_Skin_910853;CHL-1;5
5500994172383112813929_G06.cel;J132_EPG06P3_EW-24_Bone_949168;EW-24;5
5500994158987071513202_G06.cel;J132_EPG06P4_LS-123_Intestine_907792;LS-123;2
5500994158987071513207_G06.cel;J132_EPG06P5_SAS_Head & Neck_909708;SAS;1
5500994172383112813928_G06.cel;J132_EPG06P6_HUTU-80_Intestine_907073;HUTU-80;5
5500994158987071513201_G06.cel;J132_EPG06P7_OAW-28_Ovary_946360;OAW-28;2
5500994172383112813930_G06.cel;J132_EPG06P8_NB12_PNS_949172;NB12;5
5500994172948120113978_G06.cel;J132_EPG06P9_NB4_haematopoietic_and_lymphoid_tissue_1323913;NB4;7
5500994173212120213068_G07.cel;J132_EPG07P10_P31-FUJ_Blood_909253;P31-FUJ;7
5500994157493061613625_G07.cel;J132_EPG07P1_KELLY_CNS_753618;KELLY;5
5500994158987071513209_G07.cel;J132_EPG07P2_CAL-39_Cervix_924107;CAL-39;1
5500994172383112813929_G07.cel;J132_EPG07P3_EMC-BAC-1_Esophagus_1503369;EMC-BAC-1;2
5500994158987071513207_G07.cel;J132_EPG07P5_TE-5_Esophagus_735784;TE-5;1
5500994172383112813928_G07.cel;J132_EPG07P6_HOP-62_Lung_905972;HOP-62;4
5500994158987071513201_G07.cel;J132_EPG07P7_NCI-H1688_Lung_1298349;NCI-H1688;6
5500994172383112813930_G07.cel;J132_EPG07P8_NH-12_Kidney_908447;NH-12;5
5500994172948120113978_G07.cel;J132_EPG07P9_IOSE-397_Ovary_1479992;IOSE-397;4
5500994173212120213068_G08.cel;J132_EPG08P10_NCCIT_testis_908441;NCCIT;5
5500994157493061613625_G08.cel;J132_EPG08P1_NCI-H661_Lung_687829;NCI-H661;5
5500994158987071513209_G08.cel;J132_EPG08P2_COLO-824_Breast_906812;COLO-824;6
5500994172383112813929_G08.cel;J132_EPG08P3_HCC70_Breast_907048;HCC70;2
5500994158987071513202_G08.cel;J132_EPG08P4_GCIY_Stomach_906869;GCIY;2
5500994158987071513207_G08.cel;J132_EPG08P5_TUR_Blood_909773;TUR;7
5500994172383112813928_G08.cel;J132_EPG08P6_IHH-4_Thyroid_1240154;IHH-4;2
5500994158987071513201_G08.cel;J132_EPG08P7_NCI-H1568_Lung:NSCLC_1298348;NCI-H1568;2
5500994172383112813930_G08.cel;J132_EPG08P8_NB5_PNS_949176;NB5;5
5500994172948120113978_G08.cel;J132_EPG08P9_HCE-7_Esophagus_998179;HCE-7;2
5500994157493061613625_G09.cel;J132_EPG09P1_ES8_Bone_949155;ES8;5
5500994158987071513209_G09.cel;J132_EPG09P2_CTV-1_Blood_753548;CTV-1;7
5500994172383112813929_G09.cel;J132_EPG09P3_H3118_Head & Neck_1240140;H3118;1
5500994158987071513202_G09.cel;J132_EPG09P4_GOTO_Kidney_906875;GOTO;5
5500994158987071513207_G09.cel;J132_EPG09P5_SJRH30_Muscle_909716;SJRH30;5
5500994172383112813928_G09.cel;J132_EPG09P6_IST-SL1_Lung_753564;IST-SL1;6
5500994172383112813930_G09.cel;J132_EPG09P8_SCC-3_Blood_910930;SCC-3;8
5500994172948120113978_G09.cel;J132_EPG09P9_UE6E7T-3_Blood_1331060;UE6E7T-3;4
5500994157493061613625_G10.cel;J132_EPG10P1_H2795_Lung_1290813;H2795;4
5500994158987071513209_G10.cel;J132_EPG10P2_DG-75_Blood_906838;DG-75;8
5500994172383112813929_G10.cel;J132_EPG10P3_HCC1569_Breast_907046;HCC1569;6
5500994158987071513202_G10.cel;J132_EPG10P4_G-402_Kidney_907298;G-402;5
5500994158987071513207_G10.cel;J132_EPG10P5_SW872_Misc_909756;SW872;4
5500994172383112813928_G10.cel;J132_EPG10P6_JAR_Miscellaneous_907175;JAR;6
5500994158987071513201_G10.cel;J132_EPG10P7_OCUB-M_Breast_909256;OCUB-M;6
5500994172383112813930_G10.cel;J132_EPG10P8_SW48_Intestine_909751;SW48;2
5500994172948120113978_G10.cel;J132_EPG10P9_OV-7_Ovary_1480360;OV-7;4
5500994157493061613625_G11.cel;J132_EPG11P1_SW1417_Intestin_909747;SW1417;2
5500994158987071513209_G11.cel;J132_EPG11P2_EFM-19_Breast_906851;EFM-19;6
5500994172383112813929_G11.cel;J132_EPG11P3_HARA_Lung_1240142;HARA;2
5500994158987071513202_G11.cel;J132_EPG11P4_MONO-MAC-6_Blood_908148;MONO-MAC-6;7
5500994158987071513207_G11.cel;J132_EPG11P5_SNU-387_Liver_909736;SNU-387;4
5500994172383112813928_G11.cel;J132_EPG11P6_JHU-011_Head & Neck_1240161;JHU-011;1
5500994158987071513201_G11.cel;J132_EPG11P7_OVCAR-5_Ovary_905969;OVCAR-5;2
5500994172383112813930_G11.cel;J132_EPG11P8_SU-DHL-4_Blood_1331035;SU-DHL-4;8
5500994172948120113978_G11.cel;J132_EPG11P9_BICR31_Head & Neck_1290725;BICR31;2
5500994158987071513209_G12.cel;J132_EPG12P2_EW-11_Bone_684062;EW-11;5
5500994172383112813929_G12.cel;J132_EPG12P3_HT-115_Intestine_907289;HT-115;2
5500994158987071513202_G12.cel;J132_EPG12P4_MEL-HO_Skin_908124;MEL-HO;3
5500994158987071513207_G12.cel;J132_EPG12P5_T98G_Brain_687586;T98G;4
5500994172383112813928_G12.cel;J132_EPG12P6_IGROV-1_Ovary_905968;IGROV-1;2
5500994158987071513201_G12.cel;J132_EPG12P7_NCI-H1944_Lung_1240185;NCI-H1944;2
5500994172383112813930_G12.cel;J132_EPG12P8_SF268_CNS_905986;SF268;4
5500994173212120213068_H01.cel;J132_EPH01P10_SNU-407_large_intestine_1660034;SNU-407;2
5500994157493061613625_H01.cel;J132_EPH01P1_H2369_Lung_1290808;H2369;2
5500994158987071513209_H01.cel;J132_EPH01P2_A172_Brain_687563;A172;4
5500994172383112813929_H01.cel;J132_EPH01P3_EB2_Blood_906846;EB2;8
5500994158987071513202_H01.cel;J132_EPH01P4_KYSE-150_Esophagus_907317;KYSE-150;1
5500994158987071513207_H01.cel;J132_EPH01P5_MKN1_Stomach_908138;MKN1;2
5500994172383112813928_H01.cel;J132_EPH01P6_SBC-3_Lung_753610;SBC-3;5
5500994158987071513201_H01.cel;J132_EPH01P7_RD_Muscle_909264;RD;5
5500994172948120113978_H01.cel;J132_EPH01P9_MDA-MB-330_Breast_1330941;MDA-MB-330;6
5500994173212120213068_H02.cel;J132_EPH02P10_SIMA_Brain_753620;SIMA;5
5500994157493061613625_H02.cel;J132_EPH02P1_647-V_Bladder_906797;647-V;2
5500994158987071513209_H02.cel;J132_EPH02P2_A673_Muscle_684052;A673;5
5500994172383112813929_H02.cel;J132_EPH02P3_ALL-PO_Blood_910944;ALL-PO;7
5500994158987071513202_H02.cel;J132_EPH02P4_KARPAS-620_Blood_1327775;KARPAS-620;8
5500994158987071513207_H02.cel;J132_EPH02P5_MC116_Blood_907799;MC116;8
5500994172383112813928_H02.cel;J132_EPH02P6_SUP-B8_Blood_910209;SUP-B8;8
5500994158987071513201_H02.cel;J132_EPH02P7_RH-1_Muscle_971773;RH-1;5
5500994172383112813930_H02.cel;J132_EPH02P8_NCI-H23_Lung:NSCLC_905942;NCI-H23;2
5500994172948120113978_H02.cel;J132_EPH02P9_MHH-CALL-4_haematopoietic_and_lymphoid_tissue_908133;MHH-CALL-4;7
5500994173212120213068_H03.cel;J132_EPH03P10_AGS_Stomach_906790;AGS;2
5500994157493061613625_H03.cel;J132_EPH03P1_TGBC24TKB_Biliary_910695;TGBC24TKB;2
5500994158987071513209_H03.cel;J132_EPH03P2_BC-1_Blood_910919;BC-1;8
5500994172383112813929_H03.cel;J132_EPH03P3_BICR22_Head & Neck_1240121;BICR22;1
5500994158987071513202_H03.cel;J132_EPH03P4_KGN_Ovary_924186;KGN;4
5500994158987071513207_H03.cel;J132_EPH03P5_U-87-MG_Brain_687590;U-87-MG;4
5500994172383112813928_H03.cel;J132_EPH03P6_SK-MEL-3_Skin_909724;SK-MEL-3;3
5500994158987071513201_H03.cel;J132_EPH03P7_RPMI-8226_Blood_905964;RPMI-8226;8
5500994172383112813930_H03.cel;J132_EPH03P8_NCI-H522_Lung:NSCLC_905944;NCI-H522;5
5500994172948120113978_H03.cel;J132_EPH03P9_MC-CAR_haematopoietic_and_lymphoid_tissue_683665;MC-CAR;8
5500994173212120213068_H04.cel;J132_EPH04P10_LC-1F_lung_907785;LC-1F;2
5500994157493061613625_H04.cel;J132_EPH04P1_H2595_Lung_1240132;H2595;4
5500994172383112813929_H04.cel;J132_EPH04P3_CTB-1_Blood_949088;CTB-1;8
5500994158987071513202_H04.cel;J132_EPH04P4_LC4-1_Blood_907787;LC4-1;7
5500994158987071513207_H04.cel;J132_EPH04P5_UMC-11_Lung_909779;UMC-11;6
5500994172383112813928_H04.cel;J132_EPH04P6_IM-9_Blood_753563;IM-9;8
5500994158987071513201_H04.cel;J132_EPH04P7_PANC-03-27_Pancreas_925346;PANC-03-27;2
5500994172383112813930_H04.cel;J132_EPH04P8_NCI-H835_Lung_753607;NCI-H835;6
5500994172948120113978_H04.cel;J132_EPH04P9_TGW_autonomic_ganglia_910780;TGW;5
5500994173212120213068_H05.cel;J132_EPH05P10_EW-12_bone_949162;EW-12;5
5500994157493061613625_H05.cel;J132_EPH05P1_MPP-89_Lung_908150;MPP-89;4
5500994158987071513209_H05.cel;J132_EPH05P2_C8166_Blood_906829;C8166;8
5500994172383112813929_H05.cel;J132_EPH05P3_DOHH-2_Blood_906842;DOHH-2;8
5500994158987071513202_H05.cel;J132_EPH05P4_LU-165_Lung_753589;LU-165;6
5500994158987071513207_H05.cel;J132_EPH05P5_WM-266-4_Skin_1299076;WM-266-4;3
5500994172383112813928_H05.cel;J132_EPH05P6_KYSE-50_Esophagus_1298222;KYSE-50;2
5500994158987071513201_H05.cel;J132_EPH05P7_PCI-38_Head & Neck_1240205;PCI-38;1
5500994172383112813930_H05.cel;J132_EPH05P8_NCI-H647_Lung_1240191;NCI-H647;4
5500994172948120113978_H05.cel;J132_EPH05P9_NCI-H1436_lung_908469;NCI-H1436;6
5500994173212120213068_H06.cel;J132_EPH06P10_RCC-ER_Kidney_1524417;RCC-ER;4
5500994157493061613625_H06.cel;J132_EPH06P1_IGR-1_Skin_907169;IGR-1;3
5500994158987071513209_H06.cel;J132_EPH06P2_CHP-134_PNS_910941;CHP-134;5
5500994172383112813929_H06.cel;J132_EPH06P3_ESO26_Esophagus_1503366;ESO26;2
5500994158987071513202_H06.cel;J132_EPH06P4_LS-1034_Intestine_917486;LS-1034;2
5500994158987071513207_H06.cel;J132_EPH06P5_SCaBER_Bladder_1299051;SCaBER;1
5500994172383112813928_H06.cel;J132_EPH06P6_HeLaSF_Cervix_687509;HeLaSF;2
5500994158987071513201_H06.cel;J132_EPH06P7_OC-314_Ovary_909257;OC-314;2
5500994172383112813930_H06.cel;J132_EPH06P8_NB69_Brain_908440;NB69;5
5500994172948120113978_H06.cel;J132_EPH06P9_CADO-ES1_bone_753539;CADO-ES1;5
5500994173212120213068_H07.cel;J132_EPH07P10_OCI-AML5_Blood_1330983;OCI-AML5;7
5500994157493061613625_H07.cel;J132_EPH07P1_NCI-H2030_Lung_722045;NCI-H2030;2
5500994158987071513209_H07.cel;J132_EPH07P2_CAL-72_Bone_906827;CAL-72;4
5500994172383112813929_H07.cel;J132_EPH07P3_Hs-944-T_Skin_1240152;Hs-944-T;3
5500994158987071513202_H07.cel;J132_EPH07P4_LOUCY_Blood_907789;LOUCY;7
5500994158987071513207_H07.cel;J132_EPH07P5_TE-6_Esophagus_946355;TE-6;2
5500994172383112813928_H07.cel;J132_EPH07P6_HDQ-P1_Breast_1290922;HDQ-P1;2
5500994158987071513201_H07.cel;J132_EPH07P7_NCI-H1993_Lung:NSCLC_908476;NCI-H1993;2
5500994172383112813930_H07.cel;J132_EPH07P8_no-10_CNS_908452;no-10;4
5500994172948120113978_H07.cel;J132_EPH07P9_JHOS-2_Ovary_1479995;JHOS-2;2
5500994173212120213068_H08.cel;J132_EPH08P10_MM1S_haematopoietic_and_lymphoid_tissue_1659818;MM1S;8
5500994157493061613625_H08.cel;J132_EPH08P1_SK-MEL-1_Skin_909723;SK-MEL-1;3
5500994158987071513209_H08.cel;J132_EPH08P2_COLO-320_Intestine_1290773;COLO-320;5
5500994172383112813929_H08.cel;J132_EPH08P3_HCC1806_Breast_907047;HCC1806;1
5500994158987071513202_H08.cel;J132_EPH08P4_GB-1_CNS_687568;GB-1;4
5500994158987071513207_H08.cel;J132_EPH08P5_TCCSUP_Bladder_687459;TCCSUP;4
5500994172383112813928_H08.cel;J132_EPH08P6_IST-SL2_Lung_753565;IST-SL2;6
5500994158987071513201_H08.cel;J132_EPH08P7_NCI-H1155_Lung:NSCLC_908467;NCI-H1155;6
5500994172383112813930_H08.cel;J132_EPH08P8_NTERA-S-cl-D1_Testes_908454;NTERA-S-cl-D1;5
5500994157493061613625_H09.cel;J132_EPH09P1_COLO-205_Intestin_905961;COLO-205;2
5500994158987071513209_H09.cel;J132_EPH09P2_ChaGo-K-1_Lung:NSCLC_687596;ChaGo-K-1;2
5500994172383112813929_H09.cel;J132_EPH09P3_Hs-683_Brain_1240150;Hs-683;4
5500994158987071513202_H09.cel;J132_EPH09P4_GT3TKB_Stomach_907041;GT3TKB;2
5500994158987071513207_H09.cel;J132_EPH09P5_SU-DHL-10_Blood_1331033;SU-DHL-10;8
5500994172383112813928_H09.cel;J132_EPH09P6_IMR-5_PNS_907170;IMR-5;5
5500994158987071513201_H09.cel;J132_EPH09P7_NCI-H1781_Lung:NSCLC_1298350;NCI-H1781;2
5500994172383112813930_H09.cel;J132_EPH09P8_SCC-4_Head & Neck_910904;SCC-4;1
5500994172948120113978_H09.cel;J132_EPH09P9_YT_haematopoietic_and_lymphoid_tissue_946358;YT;8
5500994157493061613625_H10.cel;J132_EPH10P1_BFTC-905_Bladder_910926;BFTC-905;1
5500994158987071513209_H10.cel;J132_EPH10P2_DJM-1_Skin_906841;DJM-1;1
5500994172383112813929_H10.cel;J132_EPH10P3_HCC1428_Breast_1290905;HCC1428;6
5500994158987071513202_H10.cel;J132_EPH10P4_MKN7_Stomach_924250;MKN7;2
5500994158987071513207_H10.cel;J132_EPH10P5_SK-MEL-28_Skin_905954;SK-MEL-28;3
5500994172383112813928_H10.cel;J132_EPH10P6_JEKO-1_Blood_1327765;JEKO-1;8
5500994158987071513201_H10.cel;J132_EPH10P7_OE21_Esophagus_1298359;OE21;1
5500994172383112813930_H10.cel;J132_EPH10P8_NCI-H1975_Lung:NSCLC_924244;NCI-H1975;2
5500994172948120113978_H10.cel;J132_EPH10P9_SK-GT-4_Esophagus_1503365;SK-GT-4;1
5500994157493061613625_H11.cel;J132_EPH11P1_H2804_Lung_1240136;H2804;4
5500994158987071513209_H11.cel;J132_EPH11P2_EFO-27_Ovary_906852;EFO-27;2
5500994172383112813929_H11.cel;J132_EPH11P3_HuH-7_Liver_907071;HuH-7;6
5500994158987071513202_H11.cel;J132_EPH11P4_Mo-T_Blood_908149;Mo-T;8
5500994158987071513207_H11.cel;J132_EPH11P5_SU-DHL-1_Blood_909742;SU-DHL-1;8
5500994172383112813928_H11.cel;J132_EPH11P6_JHU-022_Head & Neck_1240162;JHU-022;2
5500994158987071513201_H11.cel;J132_EPH11P7_OS-RC-2_Kidney_909250;OS-RC-2;4
5500994172383112813930_H11.cel;J132_EPH11P8_SW982_Misc_909759;SW982;4
5500994172948120113978_H11.cel;J132_EPH11P9_RWPE2-W99_Prostate_1331028;RWPE2-W99;1
5500994158987071513209_H12.cel;J132_EPH12P2_EW-1_Bone_949163;EW-1;5
5500994172383112813929_H12.cel;J132_EPH12P3_HT-3_Cervix_907068;HT-3;1
5500994158987071513202_H12.cel;J132_EPH12P4_MEC-1_Blood_1330943;MEC-1;8
5500994158987071513207_H12.cel;J132_EPH12P5_T84_Intestine_909761;T84;2
5500994172383112813928_H12.cel;J132_EPH12P6_I-9-2_Blood_1327761;I-9-2;7
5500994158987071513201_H12.cel;J132_EPH12P7_NCI-H187_Lung_688007;NCI-H187;6
5500994172383112813930_H12.cel;J132_EPH12P8_SF126_CNS_909712;SF126;4
5500994175999120813240_A01.cel;J154_EPA01P11_SNG-M_endometrium_909735;SNG-M;2
5500994175999120813240_A08.cel;J154_EPA01P12_NCI-H1770_lung_687804;NCI-H1770;6
5500994175999120813240_A02.cel;J154_EPA02P11_NB6_autonomic_ganglia_949173;NB6;5
5500994175999120813240_A09.cel;J154_EPA02P12_RCC-JF_kidney_1524415;RCC-JF;4
5500994175999120813240_A10.cel;J154_EPA03P12_NCI-H446_lung_688023;NCI-H446;5
5500994175999120813240_A04.cel;J154_EPA04P11_JVM-2_haematopoietic_and_lymphoid_tissue_907269;JVM-2;8
5500994175999120813240_A11.cel;J154_EPA04P12_TK10_kidney_905980;TK10;4
5500994175999120813240_A05.cel;J154_EPA05P11_TK_haematopoietic_and_lymphoid_tissue_1331045;TK;8
5500994175999120813240_A06.cel;J154_EPA06P11_DBTRG-05MG_central_nervous_system_906835;DBTRG-05MG;4
5500994175999120813240_A07.cel;J154_EPA07P11_KP-N-YN_autonomic_ganglia_907314;KP-N-YN;5
5500994173603120813304_A10.cel;J154_EPA08P11_KARPAS-45_haematopoietic_and_lymphoid_tissue_907272;KARPAS-45;7
5500994173603120813304_A11.cel;J154_EPA09P11_PA-TU-8902_pancreas_1298526;PA-TU-8902;2
5500994173603120813304_A12.cel;J154_EPA10P11_ES6_bone_949157;ES6;5
5500994175999120813240_B01.cel;J154_EPB01P11_L-428_haematopoietic_and_lymphoid_tissue_907322;L-428;8
5500994175999120813240_B08.cel;J154_EPB01P12_OCI-AML3_haematopoietic_and_lymphoid_tissue_1290455;OCI-AML3;7
5500994175999120813240_B02.cel;J154_EPB02P11_Daudi_haematopoietic_and_lymphoid_tissue_906831;Daudi;8
5500994175999120813240_B09.cel;J154_EPB02P12_HCC38_breast_749717;HCC38;2
5500994175999120813240_B03.cel;J154_EPB03P11_CW-2_large_intestine_910554;CW-2;2
5500994175999120813240_B10.cel;J154_EPB03P12_RL95-2_endometrium_930082;RL95-2;2
5500994175999120813240_B04.cel;J154_EPB04P11_GDM-1_haematopoietic_and_lymphoid_tissue_906870;GDM-1;7
5500994175999120813240_B11.cel;J154_EPB04P12_NCI-H2087_lung_724834;NCI-H2087;2
5500994175999120813240_B05.cel;J154_EPB05P11_KYSE-220_Esophagus_1240167;KYSE-220;2
5500994175999120813240_B06.cel;J154_EPB06P11_MDA-MB-436_breast_1240172;MDA-MB-436;2
5500994175999120813240_B07.cel;J154_EPB07P11_MOLM-16_haematopoietic_and_lymphoid_tissue_1330948;MOLM-16;7
5500994173603120813304_B10.cel;J154_EPB08P11_GA-10-Clone-4_haematopoietic_and_lymphoid_tissue_906867;GA-10-Clone-4;8
5500994173603120813304_B11.cel;J154_EPB09P11_HO-1-u-1_upper_aerodigestive_tract_753561;HO-1-u-1;1
5500994173603120813304_B12.cel;J154_EPB10P11_M00921_Skin_1723793;M00921;3
5500994175999120813240_C01.cel;J154_EPC01P11_D-423MG_central_nervous_system_946372;D-423MG;4
5500994175999120813240_C08.cel;J154_EPC01P12_CAL-62_thyroid_906828;CAL-62;2
5500994175999120813240_C02.cel;J154_EPC02P11_8505C_thyroid_924102;8505C;4
5500994175999120813240_C09.cel;J154_EPC02P12_SW626_ovary_909753;SW626;2
5500994175999120813240_C03.cel;J154_EPC03P11_JM1_haematopoietic_and_lymphoid_tissue_1327768;JM1;8
5500994175999120813240_C10.cel;J154_EPC03P12_TASK1_other_1299067;TASK1;5
5500994175999120813240_C04.cel;J154_EPC04P11_CML-T1_haematopoietic_and_lymphoid_tissue_910951;CML-T1;7
5500994175999120813240_C11.cel;J154_EPC04P12_DMS-273_lung_687985;DMS-273;5
5500994175999120813240_C05.cel;J154_EPC05P11_M059J_central_nervous_system_949094;M059J;4
5500994175999120813240_C06.cel;J154_EPC06P11_CHSA0108_bone_1290768;CHSA0108;4
5500994175999120813240_C07.cel;J154_EPC07P11_CL-34_large_intestine_1290771;CL-34;2
5500994173603120813304_C10.cel;J154_EPC08P11_SNU-C1_large_intestine_910905;SNU-C1;2
5500994173603120813304_C11.cel;J154_EPC09P11_NB1_autonomic_ganglia_949179;NB1;5
5500994173603120813304_C12.cel;J154_EPC10P11_SCC90_upper_aerodigestive_tract_1299052;SCC90;2
5500994175999120813240_D01.cel;J154_EPD01P11_HCC1599_breast_749713;HCC1599;6
5500994175999120813240_D08.cel;J154_EPD01P12_TE-4_Esophagus_1503371;TE-4;2
5500994175999120813240_D02.cel;J154_EPD02P11_Hey_ovary_1479988;Hey;4
5500994175999120813240_D09.cel;J154_EPD02P12_TGBC1TKB_biliary_tract_909769;TGBC1TKB;2
5500994175999120813240_D03.cel;J154_EPD03P11_MSTO-211H_pleura_908152;MSTO-211H;4
5500994175999120813240_D10.cel;J154_EPD03P12_NOS-1_bone_925345;NOS-1;5
5500994175999120813240_D04.cel;J154_EPD04P11_RCH-ACV_haematopoietic_and_lymphoid_tissue_1330994;RCH-ACV;7
5500994175999120813240_D11.cel;J154_EPD04P12_SJSA-1_bone_909717;SJSA-1;4
5500994175999120813240_D05.cel;J154_EPD05P11_SU-DHL-16_haematopoietic_and_lymphoid_tissue_1331034;SU-DHL-16;8
5500994175999120813240_D06.cel;J154_EPD06P11_GRANTA-519_haematopoietic_and_lymphoid_tissue_1303897;GRANTA-519;8
5500994175999120813240_D07.cel;J154_EPD07P11_K2_skin_1298160;K2;3
5500994173603120813304_D10.cel;J154_EPD08P11_KG-1_haematopoietic_and_lymphoid_tissue_907278;KG-1;7
5500994173603120813304_D11.cel;J154_EPD09P11_K-562_haematopoietic_and_lymphoid_tissue_905940;K-562;7
5500994173603120813304_D12.cel;J154_EPD10P11_NCI-H292_lung_753604;NCI-H292;2
5500994175999120813240_E01.cel;J154_EPE01P11_MN-60_haematopoietic_and_lymphoid_tissue_908143;MN-60;8
5500994175999120813240_E08.cel;J154_EPE01P12_DOV13_ovary_1479987;DOV13;4
5500994175999120813240_E02.cel;J154_EPE02P11_KM12_large_intestine_905989;KM12;2
5500994175999120813240_E09.cel;J154_EPE02P12_NCI-H720_lung_687600;NCI-H720;6
5500994175999120813240_E03.cel;J154_EPE03P11_NCC010_Kidney_1509073;NCC010;4
5500994175999120813240_E10.cel;J154_EPE03P12_VMRC-RCZ_kidney_909781;VMRC-RCZ;4
5500994175999120813240_E11.cel;J154_EPE04P12_NCI-H345_lung_688021;NCI-H345;6
5500994175999120813240_E05.cel;J154_EPE05P11_KARPAS-1106P_haematopoietic_and_lymphoid_tissue_1327773;KARPAS-1106P;8
5500994175999120813240_E06.cel;J154_EPE06P11_LB771-HNC_upper_aerodigestive_tract_753583;LB771-HNC;2
5500994175999120813240_E07.cel;J154_EPE07P11_CP50-MEL-B_skin_753545;CP50-MEL-B;3
5500994173603120813304_E10.cel;J154_EPE08P11_PANC-04-03_pancreas_1298476;PANC-04-03;2
5500994173603120813304_E12.cel;J154_EPE10P11_C-4-I_cervix_687506;C-4-I;2
5500994175999120813240_F01.cel;J154_EPF01P11_LB1047-RCC_kidney_753577;LB1047-RCC;4
5500994175999120813240_F08.cel;J154_EPF01P12_Hs-445_haematopoietic_and_lymphoid_tissue_1322218;Hs-445;8
5500994175999120813240_F02.cel;J154_EPF02P11_KU-19-19_urinary_tract_907312;KU-19-19;2
5500994175999120813240_F09.cel;J154_EPF02P12_NCI-H1876_lung_1330972;NCI-H1876;6
5500994175999120813240_F03.cel;J154_EPF03P11_ACN_autonomic_ganglia_906803;ACN;3
5500994175999120813240_F10.cel;J154_EPF03P12_U-2-OS_bone_909776;U-2-OS;2
5500994175999120813240_F04.cel;J154_EPF04P11_OV-56_ovary_1480362;OV-56;4
5500994175999120813240_F11.cel;J154_EPF04P12_NCI-H2122_lung_722046;NCI-H2122;2
5500994175999120813240_F05.cel;J154_EPF05P11_OVTOKO_ovary_1298365;OVTOKO;2
5500994175999120813240_F06.cel;J154_EPF06P11_FLO-1_Esophagus_1503361;FLO-1;2
5500994175999120813240_F07.cel;J154_EPF07P11_KMS-11_pleural effusion_1659817;KMS-11;8
5500994173603120813304_F10.cel;J154_EPF08P11_ESS-1_endometrium_907000;ESS-1;4
5500994173603120813304_F11.cel;J154_EPF09P11_TC-71_bone_1240221;TC-71;5
5500994173603120813304_F12.cel;J154_EPF10P11_KP-2_pancreas_1298218;KP-2;2
5500994175999120813240_G01.cel;J154_EPG01P11_OCI-LY7_haematopoietic_and_lymphoid_tissue_1659819;OCI-LY7;8
5500994175999120813240_G08.cel;J154_EPG01P12_NCI-H226_pleura_905941;NCI-H226;4
5500994175999120813240_G02.cel;J154_EPG02P11_COLO-829_skin_687448;COLO-829;3
5500994175999120813240_G09.cel;J154_EPG02P12_SU8686_pancreas_1240218;SU8686;2
5500994175999120813240_G03.cel;J154_EPG03P11_MFE-296_endometrium_908130;MFE-296;5
5500994175999120813240_G10.cel;J154_EPG03P12_SW1271_lung_1299062;SW1271;2
5500994175999120813240_G04.cel;J154_EPG04P11_D-566MG_central_nervous_system_946377;D-566MG;4
5500994175999120813240_G11.cel;J154_EPG04P12_KM-H2_haematopoietic_and_lymphoid_tissue_909976;KM-H2;8
5500994175999120813240_G05.cel;J154_EPG05P11_JHU-028_upper_aerodigestive_tract_1298154;JHU-028;2
5500994175999120813240_G06.cel;J154_EPG06P11_K5_thyroid_924238;K5;4
5500994175999120813240_G07.cel;J154_EPG07P11_LC-1-sq_lung_1298223;LC-1-sq;2
5500994173603120813304_G10.cel;J154_EPG08P11_HCC1395_0_749712;HCC1395;4
5500994173603120813304_G11.cel;J154_EPG09P11_M980513_Skin_1723794;M980513;3
5500994173603120813304_G12.cel;J154_EPG10P11_JHU-029_upper_aerodigestive_tract_1298156;JHU-029;1
5500994175999120813240_H01.cel;J154_EPH01P11_NCI-H716_large_intestine_908458;NCI-H716;5
5500994175999120813240_H08.cel;J154_EPH01P12_PEO1_ovary_1480372;PEO1;2
5500994175999120813240_H02.cel;J154_EPH02P11_LB831-BLC_urinary_tract_753584;LB831-BLC;4
5500994175999120813240_H09.cel;J154_EPH02P12_PL4_pancreas_1298533;PL4;2
5500994175999120813240_H03.cel;J154_EPH03P11_HC-1_haematopoietic_and_lymphoid_tissue_907044;HC-1;8
5500994175999120813240_H10.cel;J154_EPH03P12_TT_thyroid_930299;TT;6
5500994175999120813240_H04.cel;J154_EPH04P11_JURKAT_haematopoietic_and_lymphoid_tissue_998184;JURKAT;7
5500994175999120813240_H11.cel;J154_EPH04P12_SK-MEL-28_skin_905954;SK-MEL-28;3
5500994175999120813240_H05.cel;J154_EPH05P11_MOG-G-UVW_central_nervous_system_908145;MOG-G-UVW;4
5500994175999120813240_H06.cel;J154_EPH06P11_MET-2B_Skin_1659787;MET-2B;4
5500994175999120813240_H07.cel;J154_EPH07P11_JIMT-1_breast_1298157;JIMT-1;2
5500994173603120813304_H10.cel;J154_EPH08P11_HSC-2_upper_aerodigestive_tract_753562;HSC-2;1
5500994173603120813304_H12.cel;J154_EPH10P11_LB996-RCC_kidney_753585;LB996-RCC;4
5500994158987071513202_A11.cel;J132_EPA11P4_MFE-319_Uterus_1240174;MFE-319;2
5500994158987071513202_B01.cel;J132_EPB01P4_KLE_Uterus_924187;KLE;2
5500994158987071513202_B12.cel;J132_EPB12P4_MES-SA_Uterus_908127;MES-SA;5
5500994158987071513202_D11.cel;J132_EPD11P4_MFE-280_Uterus_908129;MFE-280;2
5500994158987071513209_D03.cel;J132_EPD03P2_AN3-CA_Uterus_910781;AN3-CA;5
5500994158987071513209_D12.cel;J132_EPD12P2_EN_Uterus_1240127;EN;5
5500994172383112813928_A11.cel;J132_EPA11P6_JEG-3_Uterus_907176;JEG-3;6
5500994172383112813928_C09.cel;J132_EPC09P6_SW954_Vulva_924247;SW954;1
5500994172383112813928_D09.cel;J132_EPD09P6_SW962_Vulva_909758;SW962;4
5500994172383112813928_F03.cel;J132_EPF03P6_SKN_Uterus_1240215;SKN;4
5500994172383112813929_C09.cel;J132_EPC09P3_HEC-1_Uterus_907051;HEC-1;2
5500994172383112813929_F04.cel;J132_EPF04P3_COLO-684_Uterus_910691;COLO-684;6
5500994172948120113978_C08.cel;J132_EPC08P9_Ishikawa_Uterus_1298150;Ishikawa;2
5500994172948120113978_E05.cel;J132_EPE05P9_DIFI_Intestine_11223344;DIFI;2
5500994173603120813304_E11.cel;J154_EPE09P11_LNCaP-Clone-FGC_prostate_907788;LNCaP-Clone-FGC;6
5500994173603120813304_H11.cel;J154_EPH09P11_STS-0421_soft_tissue_1299061;STS-0421;4
5500994175999120813240_A03.cel;J154_EPA03P11_Ishikawa_Heraklio_02ER-_Uterus_1240156;Ishikawa_Heraklio_02ER-;2
5500994175999120813240_E04.cel;J154_EPE04P11_22RV1_prostate_924100;22RV1;6
5500994157493061613625_A01.cel;J132_EPA01P1_CAL-120_Breast_906826;CAL-120;4
